model_1_elderly_only,model_2_elderly_sex_any_comorbidity,model_3_nine_comorbidities,model_4_age_bands,model_5_age_spline,model_6_age_spline_and_month
1.1303702609050685,1.0134921072496932,0.9459952777109982,0.7556826336083838,0.7490414203230086,0.5715599427081413
0.6727171793965012,0.562022932198333,0.5345037905445571,0.3491627734151046,0.34398565156468786,0.31471634424582584
0.8819931767903192,0.7728597064981104,0.7511760447511839,0.5542298277837042,0.546296912439971,0.45479221158939986
0.9465462977912733,0.7734715982204089,0.7549070505175621,0.6105041970978713,0.601919775115034,0.5191354911786178
0.8763044488226164,0.7603546940025359,0.7346374950859176,0.5513476783020252,0.5440676232110404,0.4696923890871192
1.1844211178843052,1.0631526559367663,1.033553898917106,0.8523618750711305,0.8435845525725595,0.75301106961361
0.8357828910090954,0.7402976791790723,0.7043727135124924,0.5491307226751846,0.543940691186205,0.4724534941288513
1.4049034446600621,1.1612348044712548,1.1266466466042973,1.0457128902931694,1.0424053374754747,0.9903197838055983
0.7245290338992528,0.5974188288568636,0.5830492031878006,0.39976242696537334,0.3927811377613548,0.32862670295111207
0.7811433841020807,0.6487755754620086,0.6293776037032507,0.45918340797101853,0.4510493451889491,0.39581294876671325
1.087714728892099,0.993054709089805,0.932979585864262,0.8017423121207842,0.8006882738450822,0.7223606646053905
0.9970589541087826,0.8838853419332309,0.8327922095242175,0.6738217783986639,0.6703762685656229,0.5989879543426779
0.8758278617074755,0.7519441678143477,0.7373080570575989,0.530473178700772,0.5248743883771486,0.4496445173242769
0.6699163504874024,0.5602631371397586,0.5370399616347298,0.3371418254598345,0.32984020275499093,0.2793466099247851
0.9770279467797743,0.8746907824363412,0.8244133586826663,0.6694530201001238,0.6647620038322207,0.58012847444638
0.7083661608141274,0.5837871037755835,0.5754228605275399,0.40400356129228376,0.39583812510391503,0.3444216672176049
1.24869790117068,1.1107336378413242,1.0463422033895022,0.9380834203682707,0.9360758969148306,0.7628470981030802
1.1404758099109165,1.0081491303860948,0.9414823135389562,0.7920039209883653,0.7874676278138207,0.6622557946728699
0.703722258523976,0.6111242191025609,0.5915700504076573,0.43479411509499033,0.4297744645632191,0.396777919001816
1.1626676560888587,1.030956778887078,0.9612966859491066,0.831070988134389,0.826971969574912,0.7311219557531737
1.2127722629111324,1.0921027348661896,1.0224339448616084,0.8858671678602186,0.8830796346635451,0.8403994852694122
0.9061122067379801,0.8118750955550476,0.7814882653114155,0.5664049047067757,0.5570303270120043,0.48012896350492484
1.0000504590150001,0.8635492149902921,0.8322305667536141,0.664185681982543,0.6619324405734798,0.5860985423966691
1.4767210210492066,1.3725640216315007,1.2789630946272488,1.1763386552777422,1.175883229024206,1.0518296498124167
0.9966668489614094,0.8932227748639183,0.8637331469893935,0.7435207660510299,0.7395691705172222,0.6706621345104494
0.8281143560039967,0.7035652882608039,0.6969909504810747,0.4799705215551059,0.47149524191788905,0.4095698347178125
0.813039118431013,0.6833474911474755,0.6475628554772671,0.46352317559596756,0.4576354036812357,0.39532749344242335
0.8467679782162206,0.7196336583607739,0.684810042041787,0.4701593335273212,0.4615821201008653,0.3837510297005182
1.0858749586832654,0.9880760395375847,0.9494345279415131,0.757255476434175,0.7489895832418774,0.6545055536997753
1.349296704745973,1.234856473187629,1.150789829030726,1.0048508572198123,1.004321853073297,0.9269289632927417
1.0663279342348257,0.9035192616994902,0.8906036118236746,0.7185633643145664,0.7098577943271058,0.634948027679592
0.9178127006260727,0.8007966764189176,0.7344319653784517,0.5959702972966705,0.5900681402859428,0.5061251390431825
0.877838842885441,0.7497705123319897,0.6984266606280463,0.553206375156386,0.5476340137926546,0.4896214550360062
1.1457813323356347,0.9944874602612556,0.9254964736019359,0.8514018514274134,0.8498616820483085,0.8152948800597544
1.0420434510807763,0.9132095217268037,0.8629850851992968,0.712535991383771,0.705634601977103,0.6314573449673121
0.8415030023361942,0.7024348452495079,0.6735063278120828,0.516099438919021,0.5097822806264769,0.49129682044869305
0.9614411746734498,0.8086093911259044,0.7991160718707232,0.6456586839454095,0.6406389187494105,0.6003552846498641
0.7896566591013873,0.6530414484052215,0.6101118334555015,0.40252671604630297,0.39476307361286556,0.3500634485010068
1.412127511858918,1.2834714899466237,1.2412445221324413,1.0696066455500413,1.0662003802115492,0.9778656711539718
0.9894322749856533,0.8483224124620341,0.8403702277575014,0.7270908151326348,0.722317639802887,0.6110331865318473
0.751093278900197,0.6567036593391471,0.6269202700425127,0.49470670870066435,0.49071026583251154,0.46581959767990333
1.0895316810111098,0.9692311659791699,0.8916674795089486,0.7659009369235721,0.7612530533483163,0.7355936686487681
0.9169932812115797,0.7836543600450039,0.7410426356439883,0.574414664434266,0.5690475322993265,0.5393503251995646
0.951797358341399,0.8180535902486767,0.7825728620823574,0.6433374799734026,0.6397007463946267,0.6108743627509634
1.3944881835850655,1.2611841122291163,1.1570407604191248,1.0516570956485396,1.0492280907274134,0.9226043750838036
1.111594696719479,0.9982432854099577,0.9383152856254735,0.8353467833494148,0.8327909403003241,0.7660079877039686
1.2658493777636275,1.126688506295342,1.0554894350725401,0.9496388533293496,0.9462866437059818,0.8825275875624121
1.3643502450284803,1.1503206276444184,1.081992218520721,1.0069285393253407,1.0052054414357139,0.9417888026625565
1.1242388926472844,0.9244376814882481,0.9032164524972734,0.7376912234956073,0.730976645331298,0.6578987066422347
1.1067891028132686,0.9504184973587873,0.8949336671207088,0.7692580391292753,0.7647499015088257,0.7178409460880577
1.0581598312005631,0.9302069010283038,0.8859444566748486,0.7219963928930984,0.7149126455864708,0.611043372315847
1.0155046223713085,0.9194041548109186,0.8878503748103996,0.7131212758501706,0.7061582981515484,0.6108816303081316
1.0374669722478527,0.9311225729367276,0.874276664257239,0.7231319396548833,0.7181170363080305,0.6527632414046495
0.677195392227478,0.5701703158718021,0.5526129899691343,0.3879286695333768,0.38265219103436554,0.33102735900720526
1.0727814332945844,0.9402946212388187,0.9050362467186963,0.7205775149829686,0.7149216140395319,0.6104908632343305
0.7598025766898125,0.6486826344313531,0.6375822340605541,0.4771751677815237,0.47103861456350005,0.41960544326793237
0.4403913502741569,0.3358737824087789,0.3372886599253227,0.09039933685467805,0.08179991623912453,-0.026191158761050493
0.8788594884113875,0.740364911808172,0.7311445956866893,0.5044643046055655,0.49508641581227086,0.4054304322911426
1.0986386976328106,0.9678370583803677,0.8746864701148832,0.7721040910823632,0.770699506339747,0.7024600070517718
0.7885977400176793,0.6502296717947864,0.6190085133343257,0.41956771434105833,0.4125439158314218,0.3643268476684358
1.0371776655452398,0.9308096823885893,0.8636719172009701,0.7211353201406896,0.7178680378038379,0.6846492793061527
1.120646837414626,0.9868729266457374,0.9591130667399042,0.8290343839680018,0.8240031269229754,0.7483867554627711
1.0743358602161974,0.9543827258389792,0.9154704120913397,0.7588258667810294,0.7574039792371233,0.6536383932671228
0.9940368099695143,0.8672099147083081,0.8252423190985423,0.6930416809297526,0.6883775191901361,0.6155812210266473
0.8876906276751897,0.7475219382654092,0.6969878503968309,0.5357757199978317,0.5292546754236834,0.4700528854556817
0.6755809974848023,0.5519170782428524,0.5455066077496731,0.3438248534773376,0.33619752046370255,0.30062650131522994
0.9113994069039568,0.7774764910522842,0.7475257429910742,0.5149491064152659,0.5081585879157886,0.39641578473762884
0.9450021332314882,0.8459126762818276,0.7901865101425753,0.6175213366097236,0.6106422933672098,0.5399068890838232
0.9098685145124027,0.8097635711981199,0.7770513187946717,0.5623539297368229,0.5545489604587553,0.4590951430434236
1.0186405326742687,0.9384064048481155,0.9155873075084193,0.6869516051787532,0.6816763593831382,0.554172448875367
0.9920022436867741,0.8847029267197064,0.8377312039484872,0.6970141307646085,0.6924101474021462,0.6511523245001436
1.3086598234978373,1.149878030564948,1.0854527159484753,0.9133664024736219,0.908884852319393,0.8360463024201752
0.6685459700129108,0.5466021414215954,0.5207089934226534,0.3369846618739436,0.3308444953110665,0.31121674778412733
1.1103729183883355,0.9812398900487496,0.921704439419375,0.7331158067444574,0.7273338668111728,0.6339244034572286
0.9120275934303879,0.7895904657693072,0.7491050068824993,0.6254378248464374,0.6221869246821713,0.5929586322289372
1.2384563388297734,1.1256926721492486,1.051366109215076,0.9253263515231138,0.9239485013597776,0.8183960392280918
0.8612436799505439,0.7689786786692705,0.7503685912393325,0.49083168871188043,0.4842226516357755,0.3830734010227492
1.296000282378024,1.183790307674907,1.1104778473978636,1.0026568666682958,1.0000240553084239,0.8892779046589102
0.922900237996393,0.8017098979755396,0.7515418947121365,0.5622820867733836,0.5559963014689506,0.476820258463869
0.8791045204224079,0.7802942127458643,0.7477719288538291,0.5584672503336354,0.5505226622422632,0.4756773476845745
0.8962957702082854,0.7921274739005983,0.7500626913679589,0.6020130302980193,0.5974141672847769,0.5414016026622025
0.7850667271058437,0.6775732154889917,0.6562585981789766,0.4764911872899088,0.47171144187661185,0.38242699761954857
1.0652374559429392,0.9371536489999354,0.879723532401166,0.7382893879555882,0.7338014255744025,0.6351595924918761
1.31047099291357,1.1609668411810397,1.091506753416681,0.930071642384006,0.923663870841346,0.8125315517180217
1.0424935349948115,0.9315683796944545,0.8958883793865222,0.6632431670150668,0.6562580259868603,0.5810444659395843
1.0703489623869877,0.9334544496976251,0.885743592989972,0.6843949202344533,0.6776464504565319,0.6092371993166893
0.9251699814085066,0.8293523535843885,0.7887679689782146,0.6203049015161664,0.6161068690739214,0.5524924191021071
1.1815098949725,1.0220495996877914,0.9500703505253079,0.7852641390657711,0.7792949064317054,0.6689875404808572
0.8536491087508258,0.7619768992479758,0.7164465127004278,0.5437845821984377,0.5381124716306167,0.48058323702348216
0.5132993519142781,0.4089734119935409,0.4040194262944648,0.17933947911735637,0.1700178026704009,0.12639891734294506
1.026602840015296,0.9238675613816125,0.8804453133365105,0.7242305904531192,0.7181140589368834,0.6382196371059197
0.8971598101166305,0.763290411293032,0.6818929885440148,0.5980493495925823,0.5946685829811914,0.549691857356683
0.9532884574428382,0.8422122730159294,0.7985406833518444,0.6299494561190425,0.6221073702842173,0.5149188401828825
1.3174684696263799,1.1827509295458472,1.0924897676864067,0.9500706557412169,0.9474054551923072,0.8432090243269919
1.0729971479420106,0.9238557335108504,0.852753570807795,0.7272261961408069,0.723779828875887,0.6570202233486271
0.988119730324144,0.8661645500950692,0.8368006721851403,0.6076111505131888,0.5999803563579147,0.5323804129727422
1.1825664027977143,1.0467099854043522,0.960173494100932,0.8449709935118251,0.8410153684842813,0.6958053373982079
1.3038574169781114,1.1075500473982562,1.0607665866086857,0.9340277883036752,0.9302944437598062,0.8935445603856932
0.9338928032293026,0.811871781512703,0.8076159375227219,0.6375985146045143,0.6310869152658221,0.5358870920791082
0.5808048516169175,0.4914715923752699,0.48629016773958933,0.28114761485779727,0.2735685894289167,0.2261764807198403
1.1471565214946633,1.0173430556381298,0.955402700125664,0.8417191418032249,0.8388360447373883,0.7968223988220421
1.132046651238523,1.009215751635139,0.9455434561839715,0.7600295915205659,0.7543956490753773,0.6447202583503647
0.7645706236554832,0.6052120181428382,0.6049532591470372,0.4241714425473405,0.4165987142156511,0.3634898772240601
1.1084239133811398,0.9911131280911929,0.9242537229528702,0.778837673857628,0.7743672139398097,0.7025136914266024
1.1062651707708566,0.9648611731150274,0.9050360189323708,0.7906300671947218,0.7855123486205728,0.7029096724192181
1.2192085360592246,1.0928892458879855,1.0614967244199391,0.950844091345082,0.9464287700245342,0.8300232935520656
0.7181471195018199,0.5754351681589114,0.5698044716313347,0.37123977635248906,0.3634900515969125,0.33915440854769474
0.770323437445181,0.6226568343108864,0.5994566520836839,0.3713667682672753,0.3639399824668387,0.3251719534244697
0.723702430214898,0.5658844104077038,0.5318339818961025,0.3531049050184977,0.3492068235955692,0.3114502766826347
0.9446856392750087,0.8223297123371949,0.7747473798939382,0.6083786054097261,0.6023340669933054,0.5500156626502257
0.7615442242865686,0.6631905590161298,0.6432144616376892,0.4482932822007184,0.43810098534847275,0.35560847068186685
0.9007588486933644,0.7763064541147735,0.7236964456131803,0.5841471597083192,0.5829548117360066,0.44664942828531984
0.6234330028911859,0.5422650317825042,0.5149383826458094,0.28015309786923415,0.2725932464424645,0.23528614010749394
0.8807261813804652,0.7508763357498378,0.714706216565787,0.5695708971066559,0.5649852185993474,0.5407980103637364
1.0795111393703787,0.955236491211589,0.9172032650131348,0.7677617912460829,0.7632495241134295,0.6851135325982972
0.9139397901395745,0.8075850402388263,0.7611247933145568,0.5867081377633144,0.5804483348314879,0.48292717261687457
1.093402159392081,0.9700862384345552,0.9199094319527206,0.7889435978623814,0.7852546067031401,0.7573557972418677
1.3719664624115122,1.2082578935423594,1.1136269903324545,1.0411117302723176,1.041082119721355,1.0090421156928682
1.0511456063042057,0.9172288279285872,0.897231151136128,0.7469949983480432,0.7395528878545204,0.6495335976310352
0.8869347077557725,0.7544480715217264,0.7169045685825147,0.5935678532968268,0.5885355885893345,0.5853851644617073
0.8595712638321495,0.7556450250000202,0.7266170505395286,0.5721183753819592,0.5651970277010339,0.49876442197037807
1.2599989016516444,1.1065248309771096,1.023569307130163,0.88967824048861,0.8872867762562479,0.8206528192248685
0.9014299018911451,0.7421289775883829,0.6791364127391093,0.5568036600245155,0.5520498183323694,0.5558824060806917
0.9167115548846515,0.8033960206345258,0.763303459219524,0.6075247824332516,0.6019995579760721,0.5446502012180339
1.0475548334679754,0.9110090751160791,0.8735340562476237,0.728374915319012,0.7244308847039567,0.6784824921836149
0.9639753065348409,0.8426141804116242,0.8093486264134717,0.6696511466562346,0.6646255910512172,0.6349883991741351
1.137253811661666,1.0331629939520435,0.9811701606837352,0.8044944071437277,0.799851567147767,0.6818992801395262
0.7469745652639428,0.6009282947034733,0.5582347626876425,0.4294062378395016,0.4270694347820789,0.4335199968556035
1.114055343969942,1.0014973112771794,0.9268413340757158,0.8368456638388471,0.8344306767522593,0.7348451647202862
1.271794596760481,1.1753076369701487,1.1363305894038893,0.9925416729791507,0.9888110602387574,0.895528692344098
0.6605298148718974,0.5561599501819898,0.516579651460885,0.4358619359453212,0.4367165016710689,0.373637503845653
0.9359405615673377,0.8197427723590922,0.7845189226138702,0.6488939736944905,0.6449934414994215,0.6023193042334253
1.316932221310153,1.1120541240095392,1.053491647415978,0.951334782344678,0.9505303380817454,0.8986618101071845
0.8260509240010638,0.7386779322202295,0.6991319556858191,0.5514714578035337,0.546162451660349,0.4800941718960826
0.911055130187605,0.7585874304224248,0.736781941201691,0.5732433312238103,0.5675802412778478,0.5212560619582266
1.1819589237134864,1.0182651984203435,0.9551317014957962,0.8555297187453615,0.8535040090803706,0.8620728233856675
1.2818789863303002,1.1323453112805946,1.0580739674142356,0.9080819557962257,0.904876987800635,0.8070805333539873
0.6396046910976088,0.5126094530609925,0.5012397290850501,0.2702005883132018,0.2623390514613336,0.19588612146551065
1.0902783619288383,0.8920971392742124,0.7961392898598414,0.7800248753874603,0.7806938400196903,0.8175319426871038
1.0135793403023285,0.9369775252691822,0.8728410676728986,0.7096307468273396,0.7042450879657298,0.5794209257511583
0.914605294491305,0.7768238245644772,0.7547273059791033,0.5922185064612727,0.5844899639486157,0.5364784182130028
1.0111023529748917,0.8923605148396297,0.8380552802018462,0.7284459351518668,0.7247873262924627,0.7001338811093283
1.0575198384431346,0.9189477059982979,0.9004021556010559,0.7587975602951434,0.752891913294216,0.634426731932162
1.0399411188671495,0.9050941807540644,0.8703598484833677,0.7334229104710355,0.7287691145784101,0.6551754410784048
0.9724429194157675,0.8477602168065994,0.8224785044804193,0.6797025280892159,0.6741325192154788,0.5663871876524985
1.2525923215255361,1.120020199649588,1.0898969444579825,0.9300840584652269,0.9288774310513175,0.851869858155627
0.7210997098857066,0.6108319300090871,0.5855528981341247,0.41886570673546264,0.41352636792595765,0.35666205513321325
0.7981713402264573,0.6807999191548164,0.6714154566979866,0.46357560263379294,0.4564074395086928,0.3603763705170355
0.9417771674392921,0.8144022979207002,0.7458376473216347,0.6127375626981805,0.6080734092361664,0.5468783612636856
0.8487041893322049,0.7458372817218819,0.7033997182533447,0.5506172309431107,0.5455976109265473,0.5245696323083027
0.7047644455842665,0.599414431755001,0.5706329008262119,0.4064648575195783,0.40071006574495016,0.3756069452606545
1.0219545006322694,0.9190467400048173,0.874731541788391,0.7306921300265854,0.7264782283943133,0.6298366366608957
0.8035139031236171,0.6525766134837522,0.6413283701493289,0.44656949670944635,0.43790960936786294,0.39870447353815086
0.9090927810504041,0.7662284310255751,0.7307651350286076,0.5622181229746728,0.5577697069923093,0.48676279481458884
1.3058218740971181,1.1618680784322606,1.1213902079132108,0.9847049221661774,0.9815510493626214,0.9443480185859018
1.254750305365238,1.1233077033152017,1.047915125120807,0.9383174155931914,0.9356135000040279,0.8477144336505721
0.7370054125985992,0.5599073413612542,0.5474886947713032,0.40762659647247435,0.4044434961380202,0.37696845856129524
1.3617016552531869,1.1175117123214968,1.039925995141554,0.9216019099206204,0.9200456123754933,0.8996948458734938
0.7373952071308645,0.6336443688356879,0.5984076287553455,0.40437847690735595,0.3981983870938759,0.333390730896167
1.071443156300121,0.965138258101143,0.9205045941738736,0.7480579695403755,0.7430481467995089,0.6563681242411591
0.7396609752508541,0.5935289959051172,0.5760647678956317,0.3846828216607141,0.3775787061345829,0.324933101757938
0.7500093191989523,0.6462186296853714,0.6247574012460104,0.4013763689627675,0.3942055165047701,0.3301035725668412
0.8351473194922304,0.7037647702320868,0.6694642865706092,0.4882050833932976,0.4791195563998246,0.39320549872940413
1.2142628272808973,1.0944910692788703,1.0494087672488666,0.9341748856781656,0.9286768209168347,0.8775357497805655
0.8629949364490777,0.7287963925297972,0.6937316677717806,0.47383079587809607,0.4643106664013048,0.38911182189971194
0.8943440214302808,0.7805001392857113,0.7326942984518522,0.5326008817015933,0.524665627894155,0.4875878001080999
1.0292430981792644,0.9065851215653495,0.8908899636187955,0.7707968376831378,0.7653610814647299,0.7075655055473994
1.1564890042115856,0.9898805596419277,0.9235518695933119,0.8221255248707637,0.8222359415179381,0.7687311174334126
1.190601985106731,1.0563538984517122,1.0096364354202727,0.8894231194948239,0.8852210389655013,0.7324597718859676
0.5285662433813392,0.40619529241156377,0.3782704947633077,0.22957652632508918,0.2240113042032068,0.2215568270954471
1.381642592249351,1.24705828524687,1.2056674725131908,1.023090765611662,1.0163999565103787,0.8846634996014163
1.1067167697262312,0.9665254953414375,0.9277173890453375,0.7669292839708184,0.7596578517245733,0.6590761140002925
0.9275558506436723,0.8350334851860013,0.808955875560857,0.652776210824824,0.6484502534305613,0.5747976448926344
0.8256638209379763,0.7092544649037213,0.666401746622727,0.4887097664759661,0.4821503333723831,0.4336154213650226
1.2245779542901305,1.1363223664653441,1.0810288799881282,0.9457779530756777,0.9440490653314748,0.8881560623121121
0.9517910809955517,0.8374640149377008,0.8159184047294623,0.6387582824724983,0.6312834027381465,0.548740705555809
1.356249247149202,1.1796356877323002,1.1256349435246245,1.0493832501025686,1.0474368324355496,1.0010769672172346
0.9397828848889073,0.8190383204208835,0.7670320446533561,0.6116162260041931,0.6056703175021345,0.5456833154543295
1.0380114605515913,0.8965198333102479,0.8470359719225968,0.6962529075998894,0.6923504252459666,0.6376425214386772
0.936810024480046,0.755388585036768,0.7402149786495031,0.5634472504699877,0.5577406785385123,0.4764693172087924
1.181245078284022,1.0671503134989138,1.0313069384511282,0.8174785901626642,0.8090337916619836,0.6438102091296941
1.093501983692836,0.9867161546906265,0.925253731231477,0.787262779913379,0.7836131394747956,0.6990020707650989
1.6174909221847014,1.4400168170192096,1.334531546228403,1.2667792421279742,1.2688682674635252,1.2322174950356883
0.8171833887196751,0.6944998233361774,0.6502345029445398,0.4937428417964632,0.48876889961037395,0.4587868689556208
1.3893127931767384,1.1996593970241902,1.1065912328485785,1.030376663908045,1.0322067294647717,0.9879372189339954
0.7680032946450333,0.6752068454930009,0.6418535123827417,0.49603697077738707,0.49088472628621505,0.456351803373897
0.8004059198178881,0.6841034555263497,0.6578962231585961,,0.45398775183574913,0.3571424632963647
0.9742012463342973,0.8599527396853446,0.8167140626586837,0.6426589321648875,0.6357884264626824,0.5430363579580942
0.9622280891015634,0.8443021628900715,0.787573927078384,0.6517329275936813,0.6475945779509468,0.6138835946360967
0.7295068338676637,0.6409921678207731,0.595541621474367,0.4636142531065329,0.45956567579788543,0.4325353427011944
0.9995201506784903,0.791184887388101,0.780965130887884,0.6551692567579386,0.6498571964349583,0.5803934742256205
1.1742843810882841,1.0847205598387135,1.0326024190757157,0.8453649782999689,0.8416104905438502,0.7461186500828899
1.2431764127987834,1.1093809248533903,1.044250788406734,0.9072739576096159,0.9015077792890751,0.7927452287021614
1.233960795873687,1.1307154323834894,1.0869784490495105,0.9431721448175879,0.9381313100796594,0.8539166242420695
1.304114299174607,1.1566924706025454,1.1106087260506747,0.9548818660412312,0.9492593321329337,0.874489556583157
1.5792842677432213,1.402158153150947,1.3472280773421712,1.2955606470921257,1.2981433011749308,1.2512714322046028
1.1492770471605043,0.9812234563307054,0.9310331402935128,0.7950280811230228,0.7911908665206607,0.7145613499635431
1.066711394925248,0.9463084478985296,0.8962972246653972,0.7646905676270095,0.7621883664869539,0.6949643571434715
0.4564278977980629,0.3461278433948803,0.32527930383128123,0.09178206426362268,0.08159139470797716,0.05271583701950178
0.9713875025297853,0.8309798883272792,0.8001862542023179,0.596447629797408,0.589052248024637,0.4937998547157142
1.2028720597601066,1.0617368836608634,1.0019658443417239,0.8790497116876113,0.8735240977817323,0.7664781700666785
1.0032854107663443,0.8612013314679072,0.8371897133878616,0.6525502930073592,0.6458453552422603,0.5528417974073264
0.8466631246443218,0.7574218431707441,0.7392499991603394,0.5595755401209307,0.5525675014250233,0.46679866545397
0.5838001089837672,0.4581413525732825,0.4536476545727445,0.2744400760970962,0.2678284361253138,0.22937519696611464
1.0602409505873163,0.8901007161027387,0.8419531061988232,0.6360197941683152,0.6279867729883312,0.529173473076553
0.948943744881765,0.8310365080437935,0.7596195280607886,0.6212324884392038,0.6169468711997631,0.5280562874506151
0.9954397936515258,0.8727214024494085,0.8516995495207,0.6422816518480385,0.6344694893356537,0.5288371103387334
0.7837530003781272,0.6499193040727622,0.61261418610573,0.4858269694779265,0.4827432655406497,0.46604215507280145
1.0852054290878383,0.9602229854271329,0.8983969613386646,0.799580865582172,0.7973286467247974,0.7657121553280036
1.025080558845605,0.9350966587645037,0.893469663950606,0.756311858741543,0.7528180612469334,0.6494508989355412
0.8884400856207426,0.7628113341342926,0.7223955570348048,0.5986595377580394,0.5946206297192858,0.5460567368636835
0.8981032503285977,0.7616860045163473,0.7205952229023965,0.5837976645551103,0.5779022783773846,0.5903826663276102
1.0150027597350442,0.9065817043609079,0.858618273105208,0.7431793712859411,0.7396640665606635,0.6669515900010934
0.37294257021262406,0.275491386918594,0.28843514882122495,0.007386614395094582,-0.004249605208181295,-0.0778677893044537
0.9786210073795222,0.8330428855986204,0.7892748569273805,0.6311906195875364,0.6249250715994975,0.5688277523746249
1.1752210134819365,1.0548887759380428,0.9938610628881355,0.9063263187903112,0.9034029725332265,0.8419255894867874
0.8637096542840612,0.7204527449715815,0.6819875587858746,0.5562920733493556,0.5522719544736792,0.5564525135813485
0.8891505247200098,0.7700242872667984,0.7460130802188812,0.5605399790233105,0.5533277492817208,0.48043070473879124
1.1570483365583752,1.0282679491033835,0.9852228107803267,0.7928973823248688,0.7862512265707386,0.7107980159289393
1.1353269900037948,1.0436421956440043,0.9917584641962474,0.8537392497552396,0.8501838922882083,0.7801635478082121
0.7333202175029996,0.6192683829104138,0.5922204085796462,0.4213185949654741,0.4159657128324279,0.3759238303660979
0.7345488931333402,0.597970014272254,0.577416840549892,0.4262871519319993,0.4196670079148378,0.3687733565496103
0.6401202519356795,0.5456112649256057,0.5371785389104959,0.3240254379292764,0.3158485239212915,0.27155113002106157
0.9738255540040859,0.8274506200604597,0.8082141122383788,0.6583230565186053,0.6529814779699121,0.5851683001140823
1.0383065929436743,0.9146197721531122,0.8973932973222054,0.7025271305632503,0.6962161046365124,0.6155123785381779
1.1924491881614216,1.0783979147090568,1.0355974273445419,0.8091642257662881,0.8015994402316894,0.7059336282631162
1.1425404882177934,1.0087673396710963,0.9800050727172689,0.8667778763798993,0.864440551952669,0.7801115697544259
0.9746221509083696,0.8157758078822009,0.7733164006349843,0.6258620452815825,0.6210116337165937,0.5922168221452458
0.9367954917702703,0.8073434779049613,0.7705980317158814,0.6365029485705903,0.6322753211141173,0.6032539297051982
0.9379531941520048,0.8125905670410891,0.7759007548192752,0.6145880590098574,0.6082531571577837,0.5657243137760236
1.081463493674876,0.9639043171732218,0.9342228525253996,0.7825022999470866,0.7761122499524354,0.7110698601252688
0.9369712604948661,0.7974414058151706,0.7390013961124255,0.6349204619741857,0.6316268178552149,0.6255418766077797
0.726354496724535,0.5837968791491976,0.5878079965486211,0.3648184475847446,0.3575072350965611,0.2960342563946041
0.9226843341038975,0.7926766986040874,0.7600207951100882,0.6299853778349436,0.6244657116063703,0.5808957478490598
1.0736020943366562,0.942341026142193,0.907274850748301,0.7757233265133167,0.7703806191749313,0.7191179922794054
0.8233966746164257,0.7251148387865325,0.7017066995002326,0.5323337644783642,0.5250379972077834,0.4787781076350147
1.074056437738806,0.9753472600841164,0.93642804156977,0.7559835637051898,0.7501722059522625,0.6667578301347425
0.9221510687651341,0.7829799224076395,0.7700345110196358,0.6580304118616591,0.6531951246334102,0.5986108107162224
1.3118182479031977,1.1856934965065449,1.107020596975859,1.0084364983901066,1.0075427089430644,0.927703467747809
0.8995867587656102,0.7907655201905417,0.7611656386015837,0.613703179268452,0.6098972109607046,0.5739292907969121
1.427764155106456,1.2930879233456294,1.213392518131429,1.1493176054237986,1.1548094262515294,1.1169630639852763
1.3728867579035344,1.2304593234779395,1.1515596015041165,1.0445297308557735,1.0423318777881434,0.9950986548604546
0.8052867091209452,0.6810242442098922,0.6635837358042785,,0.49210991449696195,0.4223257794859355
0.878862031894287,0.7882271441773592,0.7504512339269866,0.5570238511372104,0.5519555374225104,0.48473446948803267
1.0731423937904858,0.9330161218031476,0.9101017828226163,0.6794552907359144,0.671040536581355,0.5861767275044388
0.9041416558835211,0.7691341255198164,0.7324403237940104,0.5858113912364067,0.5804423872137694,0.5314947768215558
1.1295469519687833,0.9950333648248202,0.9433391722386288,0.8072805723328277,0.8020995306340513,0.7283535544458862
1.1771610337183915,1.0550948428098756,0.9821718330682933,0.8692034901791069,0.8680124054750546,0.7962945931070383
1.0967195527032227,0.9951049604286788,0.9512218601134927,0.81835862593859,0.8139401753927283,0.7869041295677995
1.2204299402327545,1.0795903747919082,1.0083171265734094,0.8771736268563044,0.8748013884847964,0.8164992603116417
1.3654718471547167,1.218631072689229,1.1844950915870602,1.0574552150937464,1.0518564966128263,0.937229338105931
0.8485372251293437,0.7268329881473572,0.712472807192014,0.531998534669449,0.5267082925585104,0.4612933735044451
0.8121774532777184,0.700872053396338,0.6685249644107085,0.4959874176135878,0.4884747482869233,0.4398047562368337
1.1890579230134857,1.0346622807372965,0.9815536519544921,0.8878943186376294,0.8861918495159126,0.8477887375539224
0.7331595837663156,0.6415327694743311,0.6181436088189375,0.431734146473286,0.4251306911421373,0.3699961039611829
0.824764542106136,0.6948506779625461,0.6743683990188971,0.45737746512006583,0.44780877282037446,0.36726572827503157
1.2096406557831632,1.07484416947075,1.023091169802743,0.8345219715079787,0.8308346718205294,0.7029147291379301
1.1096613900929762,1.0018116453739787,0.9576649348788556,0.7644187101009958,0.7572361545920033,0.6362465337837122
1.1451311391492367,0.997180790266192,0.9969611958410871,0.893751345086152,0.8900950041103438,0.8412242329579144
0.9029805036497482,0.7976506487965305,0.7834111385870328,0.5635425627106344,0.5558935725348608,0.46779837298363336
0.8476645648024277,0.7189349208239536,0.6962638971387871,0.48637072307886575,0.47930406739700937,0.40741480305442923
1.0112394936443534,0.9133971795904803,0.8737074454389275,0.7136263583615916,0.7066320506620015,0.5866344767352538
0.7741938174221827,0.6675216640073864,0.6466242217779241,0.4667931400807185,0.4600425054352991,0.42510972174654715
0.9635661868047762,0.8312679392837902,0.8117155607350214,0.625976064947613,0.6187566510762705,0.559182594355902
1.1172225564198854,0.9677689440829937,0.9020084070166763,0.7495545876972722,0.7451190778626503,0.7158755345889944
0.8677435252940522,0.717534581871825,0.7071481631268597,0.5034839676440387,0.4959266697914191,0.392527604905751
1.2735878922455175,1.1275994302163643,1.0491720134495228,0.9118556396034362,0.9082555765718731,0.7806109351509043
1.0960027873404057,0.9603079040991079,0.9237762677525212,0.7826888942017475,0.7777740741500389,0.693744385569782
0.40809331358695183,0.24569306576546324,0.27154220199879914,0.023015532369473513,0.01106274273911556,-0.05193400233115297
0.827836801821606,0.7023216413360955,0.6768417600836693,0.4985820856970843,0.4928771325833806,0.438299178655859
0.8620517015232574,0.7465267754144358,0.7123649692968179,0.48583978544072437,0.47656406280137553,0.3657752304447076
0.7791952221719329,0.650343472708491,0.5749692879610657,0.46219883000989115,0.46154076989553805,0.43842553215833024
0.948857047495113,0.82002007777447,0.7935923093733125,0.5650123751061455,0.5555370664855552,0.4764725531352598
1.06416374507301,0.9570895235752868,0.9059087396672514,0.764099624588557,0.7575288309405217,0.6516095149509438
1.2571705381776155,1.1424660474148223,1.1052779990331683,0.9809601179376888,0.9784868233763415,0.9072267120769977
1.084840637854216,0.990962255336042,0.9759974061280037,0.7874541348921623,0.7832968561928321,0.6722608347906901
1.1327313973309132,0.9931941387959158,0.9133268164843467,0.7989007907572886,0.7955025371808323,0.6700895872054438
1.1684286390677707,1.0144592440388847,0.95169105872047,0.8039772637968792,0.7983511398396131,0.7345276678099789
0.765409252536197,0.6378362794703282,0.6069547151239971,0.44772417962238775,0.44241307178347344,0.40003214382396635
1.5350005011938144,1.3862506919614397,1.281461649140496,1.1360951191132265,1.1321557473207575,1.0485126636864586
0.9368679545465785,0.8069720506653104,0.7441734344664526,0.5934936150296724,0.5874380170339076,0.5223942292372208
0.871371551898056,0.7592422914942345,0.7462310664217813,0.5360853728347537,0.5279430743509015,0.4605795829444108
1.0478660628188252,0.9062394262070326,0.8601850782723252,0.7247191221185351,0.7202718259544346,0.6420713795374694
1.044834356838967,0.9465204752913305,0.8886126651040058,0.7381779445957919,0.734209709485216,0.6618591886223738
0.9556254908855208,0.823538499934656,0.8098016292102432,0.6309019698992525,0.6234825651692231,0.5307416814027256
1.2016349551597045,1.0760194851662204,1.014348649542372,0.9257484728767581,0.9247539629403789,0.8859768537260246
1.155859911531604,1.0242408256016724,0.9931465973809346,0.7794965836512132,0.7721344078683895,0.6727268946101126
1.0786058051075107,0.9503328140138365,0.9048076578403181,0.8026668522289812,0.7985697167842946,0.710909559653937
1.3197137116949387,1.17266520804825,1.1369950769663468,0.9914913023157973,0.9845916180307479,0.8668354684728738
0.8755356533160042,0.7263957087547983,0.7009194909068395,0.5203080208836757,0.5121048612483282,0.4660046299354357
1.0589601257583912,0.900954868551487,0.8403766764517564,0.7440874038601052,0.7413667256956263,0.7494027820577055
1.018762616619311,0.9304935402259022,0.8996187764146384,0.7009340716235598,0.6936738779708854,0.6245392439658918
1.083788020035784,0.9524115669805235,0.8995311233369359,0.7907044616605536,0.7877655555494135,0.718937332362214
0.9351531672079696,0.812084239918399,0.7874434326486703,0.590537157344636,0.5846420525565436,0.5276445481713659
0.9031732757814656,0.8162827936270616,0.7894210024136921,0.6146699411240625,0.612441164879815,0.577029811015832
0.8857419816270622,0.7524701457616947,0.7156241190295005,0.5163880845809026,0.5097741461705333,0.4511347414634346
0.9021649516310558,0.7495071975314127,0.7211852738581803,0.5987963859911428,0.5948397942365266,0.5630005599562414
0.7893096545886563,0.6591767923045686,0.6523259599604758,0.5217586646049079,0.5149584343485983,0.4267136648137648
1.0693001539317366,0.9634655700374325,0.9110297820810278,0.7636532557907962,0.7594073723187863,0.6876432646206155
0.8752253312315492,0.7932413475902784,0.7508699235894323,0.5778820784730703,0.5731160112247663,0.5186657222052206
1.2894393817528291,1.1436792354996927,1.1055481300746464,0.9893468328699189,0.9852037713442026,0.9298471788839767
1.1286605890612988,0.9989534907733196,0.9948637283301767,0.8319219065321465,0.826528239046117,0.6914546743537286
0.8487740733280191,0.7250506944896882,0.6950054769535581,0.5040525344335277,0.49729687892421204,0.43158252419426224
1.1065467077716138,0.9751054710074117,0.9268167609676212,0.7990447560215439,0.7952305066450331,0.691406911262008
1.1021904511543996,0.9780578190133851,0.9563327532012693,0.7715055692230519,0.7631902584845978,0.6886767627985889
1.292009241281987,1.134319590162677,1.0930065379293308,1.0004739072051636,0.9983745202399301,0.9366447883570737
1.2411541261932644,1.1091338028308764,1.057254786627432,0.8978461280521766,0.8944153279419057,0.7920388772479995
1.100488093156083,0.9768933678256235,0.9125936879347945,0.7716896155947384,0.7659184190825732,0.6910513756188217
0.7862470577022083,0.700414972070736,0.6760024668308054,0.5702962311725236,0.5655984995009815,0.5296749250130355
0.8512295495354949,0.7458455565955446,0.7389731607325339,0.48242760257695017,0.47331120117791736,0.37086388504845025
0.8498871058310489,0.7291655264827481,0.685641913171843,0.5147157676593266,0.5106932557193488,0.46542319480525507
1.1233006444966804,1.0046851363653533,0.9407804771496233,0.8291627654434652,0.8271180061276734,0.7582666564856039
1.332696482346715,1.166158805610828,1.1538321453844187,1.0550285235407566,1.054672073690129,0.9813237224703739
0.8302922570045468,0.7056004980343633,0.6959854766804201,0.5084127677850947,0.49920285625872507,0.42866932568305105
0.9393184244345139,0.8397946529690554,0.7889463294758031,0.6506257759250623,0.6472209469371811,0.5752768141766846
1.2396896181644956,1.094252653554286,1.0539311608036233,0.9135929483958283,0.9106614051634642,0.8340870974620517
0.8618880078030369,0.7739200784043406,0.7486793520411832,0.5604772130988777,0.5521492363479281,0.4665416761687008
1.049200408806695,0.9266234788201857,0.8638532471566387,0.8025467496849236,0.801121460730108,0.7551637959664267
1.4523819133969007,1.245397620922481,1.1693529930021247,1.1576458717925986,1.1610728689337149,1.152738993336198
1.1304963482633554,0.9970087300324053,0.9549524305021299,0.788853833386546,0.7816552864016576,0.6974909004039344
1.1792213298578196,1.0803967155592635,1.028614509457908,0.8977792794544757,0.8909996992067717,0.7596736176050927
0.9639419500990096,0.8654597550843637,0.8153149111720633,0.6692625923879673,0.6645493279868533,0.6380514746752991
1.1812620509411453,1.0727690530202365,1.004839442167782,0.8977450217730728,0.8945144697666176,0.8077928071674855
0.6398519875168833,0.524286764146472,0.515089612267356,0.2690678403212807,0.25925483506127467,0.20681241115759608
0.9158341313372829,0.8230156814376655,0.7910896409816326,0.6384176181693303,0.6332708387163896,0.5880670687268014
0.956533092671499,0.8603497778464952,0.8046785792182078,0.6830256779600377,0.6794334444043023,0.6356188292812414
0.8965684761707686,0.7664677892438369,0.7405667911238848,0.5282375476564241,0.5197864182710652,0.433374083054034
1.2032844252219423,1.0336559493888196,0.9717462589474941,0.9350054799972941,0.9351029048166355,0.917387897317362
0.8455399459308589,0.7076989145751579,0.6650570094279729,0.5358328311395569,0.5307379078861992,0.4628565870464847
1.081054446738107,0.916498640823762,0.86763373982619,0.8278467833325289,0.8260434745336901,0.8402065746184872
0.7429312635888531,0.6319912922775257,0.6303459666248432,0.38141108520399203,0.3719969398074394,0.2742163115666163
1.0557464706825423,0.939868220608912,0.8934253270225041,0.7639420049382267,0.7597932093629967,0.6983567077700438
1.6722337103837037,1.5187068374739683,1.4426735481717723,1.312597075169356,1.3127050769043067,1.2541198246220127
1.0923768740426587,0.9701472676335898,0.9199324173228,0.7541346978075909,0.7481204809767622,0.614963748286626
1.0742983287751584,0.954599962922599,0.9194618995569286,0.7633268642532578,0.7588100351625973,0.6835078306869078
1.1694449575999206,1.059943591046729,0.997909966421442,0.8702311543355141,0.8663960910555935,0.7833579749355623
0.6397352922573906,0.5156935195915604,0.5139792664330428,0.21086374420052933,0.20018812746771975,0.11913059890394784
1.0966033765455534,0.9874190353865235,0.9204408953422991,0.787406445491876,0.782439858155256,0.6243608417159666
0.6987831921519831,0.5937765560415551,0.5814263396198556,0.3765511337426607,0.36838253754377426,
1.166624751315509,1.0583001884211485,0.992731938392189,0.8321486603319767,0.8271272670965463,0.7212420629951435
1.3713338095483851,1.2585050296756048,1.2171771337024664,1.0457597487657537,1.0394729651225951,0.9168273009953549
0.8864525447265372,0.7669578699297626,0.7331194875304738,0.6190867271675573,0.6155136076972386,0.6071014531817219
1.1294462081594188,1.0224005966287255,0.9724111297413981,0.7394825087252689,0.7300389476057783,0.5761019949846734
0.8779010745013057,0.7900339417873057,0.7543511121108311,0.5997834708459208,0.594012482374834,0.530450974415462
0.709014602797118,0.5858782538238625,0.588583283117514,0.3691746939681625,0.36124747977009175,0.29045690790250345
0.9680203259897786,0.8065923612246491,0.7500426380619388,0.6110960911878228,0.6076761371544476,0.5482583660876534
1.1212284149150924,0.9646662594975273,0.900871548519171,0.7508866536671854,0.7457107473314977,0.6497411626222005
1.1881227427515204,1.0717204760955754,1.0195763431761693,0.8468088961836624,0.8435458991900473,0.7738948431101688
0.9099668049614003,0.7734765212791801,0.766449023602676,0.605295219198807,0.6008609716133059,0.5550517548427872
0.8869806879090606,0.7952443170612933,0.7601356663880373,0.5850517270893398,0.5776070072174462,0.46592412795247995
1.1323816715745807,0.9777575873345399,0.9352913585706351,0.8378861844595067,0.8350413952265944,0.7954885592137073
1.0586625364329003,0.9507390213172134,0.8854600674803331,0.7328480109113585,0.7295665744250847,0.6464773842357886
0.8776139975332632,0.782234434820128,0.7517387754263352,0.6033025097176099,0.5969230434540658,0.5599183148381223
1.0310757538807316,0.9289388246178003,0.8968586051467005,0.7071672961362288,0.7019167791770837,0.6023593802842602
1.1452092102837792,1.0209358878791241,0.99090933994806,0.8451919681353043,0.8382818834480621,0.725044647901344
0.9364125501754414,0.8101124864418083,0.7450538352104594,0.6483383409662864,0.6482719702292665,0.5902143789781155
0.9102783972383532,0.7806697488847607,0.7526036693744589,0.5926650500803275,0.5869047642736676,0.5506288787393824
0.7477660557261825,0.6276354633927439,0.613017450504435,0.4359911418239061,0.42999468218876324,0.3952751540877689
1.2834401582071773,1.1532964223180635,1.1017788349665163,0.8383495102877967,0.8290579603687437,0.677988663345531
1.1116859600532671,0.9517516654135724,0.9008790532265241,0.7412582415804313,0.7349521564432704,0.6872056928506212
0.9245510610567769,0.8311418472942418,0.7858065807959937,0.6306259133969903,0.6252921706603146,0.5570170896950011
1.0163467122938332,0.881933294918495,0.846199811044944,0.6706723673077274,0.6645525056860352,0.5842977695198547
0.9831789785885292,0.8747876493051179,0.8190661947246567,0.6582722087489405,0.6533883189806639,0.5687263489483089
1.0735717460901566,0.9676048131492425,0.9097766601887486,0.7679911806723113,0.7625508399385412,0.6664738671649991
0.7303292598982263,0.601294952906263,0.5801932647233571,0.3947126763600062,0.3879137436606567,0.34597957078079156
0.7066077704325266,0.6057235628943765,0.5953198864472875,0.38703311906016225,0.3786708789420483,0.3116221409970601
0.7673988079220946,0.6846846859336689,0.6507562809586356,0.4769335240262017,0.4709391884087706,0.3789680770334052
0.8571734806276547,0.7431583775927031,0.6950824133576166,0.5659722206856258,0.5615321604905936,0.5339749278779797
1.1043261835241558,0.9736065290250427,0.9666258596155193,0.7988093383332907,0.7937793363386151,0.7499778378627042
0.9942347777989705,0.8846356856033144,0.8419879601648779,0.6349818592223273,0.62637501789604,0.5230768667815775
1.0091906204461587,0.8988634895232046,0.8643325491306292,0.7026581133083984,0.6960427527167675,0.6304600833826962
1.1450542145133955,1.0284723538901674,0.9639901699556688,0.8334848426122387,0.8288496825335508,0.7438964736505798
1.0723119190345871,0.921326230868687,0.884597850984888,0.7125879001421356,0.7060415884992746,0.6299835954515512
1.4772636795268261,1.3355694812763212,1.2510801587948515,1.1505453892586082,1.149731991029575,1.0830757685698633
1.120089058036949,0.9875839595464337,0.948037746202261,0.7809635332240386,0.7739112156698933,0.6927228863448006
1.1395342093397045,0.9897199029196674,0.939678432591559,0.7538161685477007,0.7489926324481216,0.6706697731822107
1.5637795487802022,1.4251540681792223,1.3644870384221859,1.2708246158305005,1.2690164962028025,1.164452880495141
1.0158793120359744,0.9049852149876074,0.8699533247111066,0.693742370498827,0.6887814380690727,0.6350373381584834
0.9673273906560523,0.8472216171440405,0.7975673429634169,0.6495288148840052,0.6449705437244097,0.5748351189268263
0.9293791782413551,0.8335054008209817,0.7803956308426031,0.6384818239424854,0.6351743467027656,0.5951503500395768
1.4300870463232975,1.2257473352470214,1.1296843612427145,1.1058273569765666,1.1080835565962055,1.0615246663158526
1.4028379050270656,1.2485936897738728,1.1846267381793893,1.0283184462626154,1.0255684456813425,0.9559281287986766
1.2867770572838684,1.1012973072557593,1.0002743757560575,0.9691519027025517,0.968515509993022,0.9464852890697416
1.0234309391851195,0.870371619326751,0.8449987725780582,0.7346803281731322,0.7285748686905168,0.6424896157868912
1.1118623898011348,0.9971136063679567,0.9364623665275716,0.748901489285636,0.7425587001798779,0.5990506720627929
0.7137390222257267,0.6027050234573881,0.5645779730415463,0.4161682348317406,0.4117327268944463,0.380131543385426
1.0383051939505255,0.9119546107645642,0.8593610748794109,0.7089646941622272,0.7040406771339692,0.6346764159585323
0.8360070086675293,0.7358578995792557,0.7129835408206322,0.4657005217380371,0.45634020330982183,0.37022520015260196
1.102605797844633,0.9812350441665658,0.9294913924531248,0.8224684121860555,0.8195788212091887,0.6632412304259805
1.0643297220350516,0.9388330177603743,0.8704920908744599,0.7572759929361338,0.754485193379685,0.717553407826473
1.8288540729674876,1.6055292052886516,1.451358551751018,1.4340646037443254,1.4406347836125881,1.364653109793144
0.8803346060909372,0.7237337684943423,0.6548875500246445,0.5442929654320775,0.5394146399506085,0.46577551255485805
0.9941501055807143,0.8683790961635878,0.84949302254626,0.6364107894775005,0.6281741005941437,0.5392005423938903
1.0854999986366227,0.9371103058960304,0.8733028033403022,0.7929033244088467,0.7929900378880443,0.7608721663576353
1.2246503541222373,1.0862482017588755,1.0704428388674985,0.9099022251939118,0.9031306888850033,0.7861625256349062
1.078368196415055,0.9929731037240525,0.9534166769570334,0.7419326730576785,0.73231105252119,0.5919567114806633
1.3613978553513368,1.251469749690846,1.1881784748897601,1.0307307697605839,1.0266425384576245,0.9202660771485298
0.8078561245229929,0.6829780908430636,0.6377691101498311,0.45133115291670955,0.4447570460268905,0.39419256467937
0.7471838091996958,0.6454161640520617,0.625461354681946,0.47602701596003205,0.4715425025130833,0.44403265013725257
1.1211125660619499,0.9483473630824192,0.9165574331906894,0.7128123220819247,0.7066982922592686,0.6071132462593026
1.3513390306625954,1.1921787228277467,1.0854382590115361,0.9661854033705071,0.9636955827376652,0.9144368474693624
0.732301143663419,0.6187740757014135,0.6191881663661202,0.43645714794383716,0.4292818815269607,0.35560913685928275
0.836890335001323,0.6871998484750145,0.6533983283171165,0.48180622756319835,0.477457748034015,0.45360750827304097
1.188664060414355,0.9545729018476014,0.8809722433884186,0.7808097306561813,0.7783880991739923,0.7852522497112765
1.230551149667567,1.121341284478491,1.070446526243754,0.9166899414575295,0.9120446484814873,0.7845674990083668
1.4949693008347467,1.3527230135640511,1.2903408661065268,1.1973275092780167,1.1934421838390086,1.1213779323724369
1.1592630769092251,1.0466413817606135,1.0297854378122704,0.8738882899989555,0.8700779688955445,0.7574301911695578
1.1721421330933315,1.0585745914396778,1.0067770547204424,0.85580791896716,0.8532923690422152,0.7261513818953913
0.797299395378403,0.6720356550884126,0.6358297820509946,0.5132667079312699,0.5119131793062716,0.4812813245925106
0.9362377715785308,0.7751701536487756,0.7394639048964311,0.5706157686495663,0.5650798616062431,0.5026037782926158
0.8410557982748743,0.7259880367224124,0.6826125824935497,0.5050309644619969,0.5001582420106254,0.47353716203060625
1.0870920731435176,0.9720560221997943,0.9386583077129607,0.7747786268280229,0.7704336555179288,0.71483521380917
0.9469905160216778,0.8446482953957015,0.7942838783135588,0.6114748604914139,0.603908881680081,0.5107952401645564
0.9304070134680751,0.783795122906702,0.7468565959036126,0.5580195268617237,0.5497788458648655,0.48594385391328576
0.9558904389235223,0.860010971148933,0.8183343992474005,0.6664978369656864,0.6614639380973303,0.5905957807296558
0.7303137101892121,0.589679730462263,0.5614759115182552,0.37461173458685804,0.3680344709911857,0.33220915322011835
1.1850460790461745,1.0543276369836274,0.9973510956218785,0.8570658692973546,0.8525462191759969,0.7857117223968427
1.5482450262421954,1.3614705630698345,1.3058088496831894,1.183984352367107,1.18172319195323,1.1037702571080685
0.9370604388501883,0.7878027812810267,0.7606996833424653,0.6122391396515434,0.6052309664574465,0.5587429145124291
0.7725505224296267,0.7027198148321441,0.6752160015281761,0.5213904461004818,0.5156767216024992,0.464002613322256
0.8013862431315342,0.6980673600365885,0.6573680495528448,0.5174783103193451,0.5136707315216398,0.5058810555572917
1.2613038372204153,1.1310949092862341,1.0765721021487207,0.9494168960844822,0.9450957015339309,0.8626212438056011
1.170186597901906,1.056611342476457,0.9840615142718365,0.8697985988326885,0.8655653537072504,0.7514597616090394
1.004698454868897,0.889608975773904,0.8604121803995151,0.6719682524110663,0.6642673245920796,0.5565894889463141
1.0461830006680404,0.8949881644878622,0.8943440976416333,0.7112267064373512,0.7047732656417833,0.6277363836309515
0.9078562487898753,0.8115834511683917,0.7710978597045417,0.5875959025396771,0.5813532607546333,0.5031939260178158
1.1032650028214965,0.9639831450936565,0.9197006514201574,0.7567112256322017,0.7507991886681419,0.6687414377810763
0.6062462318262598,0.4784341033362487,0.45837513744084757,0.21168050283358564,0.20362210517891266,0.11518216792955316
1.0311373119091096,0.8988655712001317,0.8635008989703958,0.6877762222618924,0.6813255227646395,0.6056961118117914
0.8540294148292629,0.7433066353963651,0.7243053290082229,0.5971652798460457,0.5924246296941489,0.5467624824946846
0.9264930459799787,0.8337849510940439,0.7985424789990686,0.6303285500967222,0.6251552000850117,0.5611409443104669
0.5482480033647059,0.43713406535424587,0.4141583954305162,0.24532086230112338,0.2389121763245582,0.2519613944315935
0.9822079492546427,0.8696577095056572,0.8290474477569065,0.7011564355820648,0.6957739168505835,0.6219795288222064
1.374254773057404,1.2365607377215524,1.1803254174814826,1.099701227881953,1.0988593724740983,1.03864797323025
1.1053436728447799,0.9626509284710628,0.9228187461156943,0.7825564659625055,0.776946677718266,0.7135197111320202
0.73822375275094,0.6615142513361585,0.6227864459705541,0.4778596552649368,0.4732987362314418,0.3948214525728667
1.1134033562138212,1.0112285908447214,0.9398511928659081,0.8404079495962377,0.8376103701702169,0.7671734534141316
0.8945580208302757,0.8068876541973957,0.7638248665980785,0.6177116616686841,0.6120853324895222,0.5787836483668576
1.365459986895484,1.2215403191928167,1.1283468041335272,1.0445244343798215,1.0446540760649077,1.0163303427213233
0.9175364377072819,0.7859170809911509,0.7828036791387302,0.6433555741358201,0.6372150504384938,0.5765770333063694
0.8732982707779489,0.7328169710779836,0.7374399400387647,0.46907183487605897,0.4605624843367938,0.3443069088873585
1.210947600134899,1.0906856345048077,1.0100443973883753,0.9102722400385559,0.9087962265172171,0.8358968755369431
1.1997313902508382,1.0936073622944422,1.0373522132334816,0.9010683470725962,0.8983892533904363,0.8130841871283216
0.8944987791733148,0.8151261726446534,0.7753885635535069,0.6436631868264491,0.6396570751988192,0.5590408117838681
1.0580009020509948,0.9281519863182058,0.8705461950160236,0.7294206251540135,0.7246492786546107,0.6624118112457624
1.0014053115774546,0.8677079209250409,0.8232387134257776,0.6985071491317463,0.69362388642262,0.6481395144167807
1.4603308936235166,1.3204331502813516,1.2576182893525814,1.1278794697982994,1.125280922789778,1.0263743776465493
0.8981455031868523,0.7779425876480242,0.7365043047293569,0.6417503160577849,0.6386266818631514,0.5970791824366609
0.8532594426649107,0.7528254703975283,0.7356657133864622,0.5469463111676123,0.5388672209137507,0.4374151930494543
0.7803384992741729,0.6425767980796963,0.619898077109528,0.4602437008085576,0.453353535137888,0.4313382723472464
0.9437452240237111,0.7807535915122169,0.7523644737684991,0.6239223633109189,0.6189996917937886,0.6057571258558123
0.8330777384199857,0.7105268848405177,0.6834337625686129,0.5171153316459487,0.5114557157419484,0.4709684768614594
1.0010069027835904,0.8821228642274652,0.8252153593005911,0.6950942309572132,0.6913041093250724,0.6304539768905849
1.1075085334784796,0.9578609238913744,0.8863864347928613,0.7558091465709389,0.7520527880076926,0.6864861171842097
1.2105368699681691,1.060328097017344,1.010487511047462,0.8863360635543428,0.8854216154413557,0.8406474460181251
1.1928893109385814,0.9862256136419261,0.9548108358733316,0.8238176917996408,0.8195499495021191,0.6617290892522865
0.9361502247369171,0.7850539183500238,0.7579268947162128,0.6134324336802561,0.6092432993841087,0.5722200335784775
1.1980374793850146,1.0405312087138383,1.002314499687892,0.8279149692490669,0.8242010543000121,0.7501907352442633
1.013126952397894,0.9126080100462454,0.8613904607214956,0.7322580594770729,0.7274831783552911,0.6639622207739352
1.1736583575587174,1.0665391621818103,1.0164713208304865,0.890066364251824,0.8862758340350356,0.8356069272209531
0.861466391336521,0.7257858761337608,0.6917972534371772,0.5239358312817083,0.5185973492933532,0.5119150683629281
0.8523449214764808,0.7513719566932942,0.7094650808105856,0.5308787914107107,0.5235135436709641,0.4097198848468383
0.7950155452017276,0.7052631536525247,0.6482779846865666,0.4811325024674361,0.47427583853649946,0.3908356966676777
1.001870941332581,0.8828702891552593,0.864841684632282,0.606239101535856,0.5963309956387441,0.46177669672579236
1.212670542426057,1.0342793687741088,0.9951889203326431,0.8494418687051987,0.84613124296741,0.7586846795836258
1.0077450246673096,0.8816248837763944,0.8388116857551794,0.6680776751964724,0.6608060215467236,0.5956057703436196
1.176344004651071,1.069188412326568,1.0063955081160456,0.8801177667518031,0.8767709699353107,0.7898097329675192
1.1114434460851745,0.9782032769700315,0.9070137444875574,0.7866775370769463,0.7842114088302156,0.7238170184895517
0.920833570922829,0.7910449292411784,0.7343410231311089,0.5809005120805936,0.5758759718015275,0.5225447706781409
1.023580478395022,0.9357162076931286,0.8761834849177781,0.7532860586125921,0.7488554236650735,0.6435742389043072
1.1712683415325893,1.0570598672624996,0.9950195761321783,0.8760684609530617,0.8738074648518898,0.803014174793635
0.9482172532714546,0.810375381993718,0.7647759901958211,0.6474198159828103,0.6446711249536694,0.640936753673459
0.9280114313289356,0.7656562428869413,0.7423250551670375,0.6586918836715964,0.6551741279965791,0.6580004479600126
1.1430968191821074,0.9510824402039473,0.9157786960614956,0.7629943029122074,0.756857163627721,0.7242930001990521
0.8791562423658801,0.7699510453137559,0.7444199123253838,0.556717883295734,0.5486975230067689,0.41937994482023255
1.1291634154426111,0.9630278406900923,0.9181736019903141,0.7035520923862505,0.696269985117522,0.6200559845637584
0.9893707132732328,0.8730038656637319,0.8290870581877743,0.640493009651211,0.6342647730283636,0.560239942959099
0.8702207470697471,0.7591207288617514,0.7189891800424799,0.5609743160198687,0.5574582852211818,0.47920765131499987
1.6707578885948322,1.4947861429304479,1.4228962449182738,1.3185506319520037,1.3214262112264088,1.2795583375564545
0.8591204041491662,0.7615614172824392,0.7374915913155958,0.5612532082995766,0.5540415906670302,0.49658623648318245
0.7650435610112714,0.6072752184747885,0.591312363526192,0.35759648327380433,0.34838273190679403,0.3187756979177725
0.9763274153327977,0.8498827784625181,0.8192945870149491,0.6125038032263201,0.6095575708527544,0.49873507366330894
1.1985736240479246,1.055570890679843,0.9836536778683168,0.8146883324703493,0.8098922194589893,0.7312292438090048
0.9549018980622492,0.8025779025761484,0.7476081737869648,0.5880977005527729,0.5817228147762992,0.5041651443596822
0.9403514966723232,0.820503416681842,0.7962341835774029,0.6353025152494862,0.6299477697165015,0.5895158956550081
0.9913154362828213,0.8785280605011412,0.8170909097489807,0.6420269967494137,0.6372106038080677,0.5072469804898659
1.2303772400577382,1.0465427957093085,0.9999866675548155,0.8479851844537131,0.8440747945504687,0.7852315594711418
1.0637675802330016,0.9447598390868016,0.9233930377261734,0.7504835859076064,0.744597807081193,0.676705658065022
1.5293098823366749,1.3794237135517324,1.3110615204342824,1.2311395902555846,1.2292984352285972,1.1616036832317491
0.917789775664949,0.7771598155482977,0.7364600153718501,0.6019729582827967,0.5959540036227554,0.5626041559186457
1.025395128978689,0.8743648916006935,0.8411467055434882,0.6822523363303437,0.6774704684746939,0.6388554652038716
1.2992645863796395,1.0876224891136723,1.0290204103340328,0.9967802274642983,0.9977539788091236,1.0115131673113713
1.3774038180667811,1.2387056543740371,1.1743048572814396,1.0526776867340784,1.050521074406545,0.9564566374949133
0.755672025770459,0.6361671092158461,0.6209086886124556,0.45831196024798115,0.45262281150795547,0.38430003148355474
0.8386109598264346,0.7779096586421315,0.7613236981427529,0.5554525204143667,0.5486214276508783,0.422776870731151
1.0532029618807974,0.8946754918068172,0.8324558525187178,0.6987899984636476,0.6946120104588649,0.6404673589853906
0.8250589873244059,0.6628096569088437,0.6370709355745459,0.463747727964105,0.45608463619172923,0.4131717281742313
0.9004038363523971,0.8153035871775711,0.7541456140418077,0.6214461593197271,0.6178558532317234,0.5534167758130275
0.9722780839562364,0.860683454172794,0.8156984164975885,0.6410722428852392,0.6349454264799981,0.5922924432049167
1.0715542255112314,0.9100844069964511,0.8463968895820523,0.7266079572517282,0.7243346326863082,0.6947023944719012
0.9028209557299902,0.7359028298030454,0.7315803176634942,0.5720106960211302,0.5641703435512009,0.5156065401976123
1.0280217105373657,0.8988450794567348,0.8760357422311648,0.6924262181879355,0.6846907706730552,0.5891135772601894
0.8449072042649006,0.7135769643744551,0.6774427115930157,0.5684637442231009,0.5625191683937973,0.5098335707851233
1.335859019834508,1.1690941598923952,1.094747365822385,0.9733958888744898,0.9685785403677771,0.8636410956822943
0.8376311424405416,0.6839100612898598,0.6561722329189482,0.4440999562427146,0.4350854862534027,0.38717471007119797
0.9876170385050018,0.88919950150184,0.827712313416517,0.7041576954805788,0.7011219625875907,0.5979662891784189
0.7720379635304462,0.6528281699611972,0.635467789222085,0.5068322835786918,0.5027604849588194,0.4883158556398318
0.9516842267177399,0.8411068806485096,0.8078352819751603,0.5955966596881334,0.5886084652896498,0.5109873850047102
1.0699639553476872,0.9532154464353978,0.8917948014412598,0.7492828302590062,0.7454962980690975,0.6878731537267518
1.2235632968537962,1.0984479342856905,1.0442041981190178,0.920018806282985,0.917478755570985,0.8297012731736737
1.1485459127212008,1.03409257068998,0.9832985957731581,0.8200927057656693,0.8157632795499558,0.7066648846802346
0.976646313358591,0.8223831822619353,0.7829094337316376,0.5981203835193042,0.5924972476324423,0.4909919551909836
1.1046188485380908,0.9613876524612122,0.9268118825672823,0.7894941374527059,0.7849705792340033,0.7025254740989373
0.9104871736459998,0.8138413994501412,0.7855379539661271,0.6401038785519302,0.6378593904597382,0.6348481456542283
0.7791374498410737,0.6571012701485315,0.6355046796754352,0.4371238041407055,0.430589897965754,0.4026743475055047
1.2255838984937442,1.0855471792850344,0.9922893213629175,0.9105657947400239,0.9074464698274589,0.7936740004597383
1.0575338083954282,0.8887645350550997,0.8606506885332128,0.7491291616824822,0.7437894279480969,0.6947265620580888
1.1741052911639787,1.0485052455060841,1.0117780768563427,0.8432742463253904,0.8426265709888762,0.7260545506344891
1.1440843333560355,1.0398846924509666,0.9884317016865651,0.8453079328761803,0.8414903522953289,0.7721205918949585
1.2358779249806955,1.124559612177601,1.0560716774385657,0.944134589979712,0.941318805569087,0.8496120267963144
0.8559180950713273,0.7202627092932659,0.7035647624221778,0.5512737899639449,0.5456958144561778,0.5090545378670321
0.704428119570261,0.591870141759977,0.5875509466775053,0.3555679400280344,0.34805172708003995,0.23834346272740004
0.8232874113456758,0.7135488999248927,0.6887925657718245,0.5000658907581114,0.49166815066552927,0.4325522775454629
1.3098688711843347,1.1613612311716184,1.1076021035923351,0.9762208301299167,0.9730032116290737,0.8635060764186092
1.1157274287181125,0.9956587758297739,0.9476692976924115,0.7704554850391682,0.7647350662431818,0.6928892377852082
0.7275641536350366,0.6203471483408651,0.5995357169179455,0.40019303016568575,0.39216456266388267,0.33792693448277455
0.8397075410113413,0.7300738144946444,0.6768376893832341,0.5390372469864296,0.5362941391594864,0.4768414756346323
0.8116480763649847,0.7312049065483374,0.7066932099656991,0.5604679939881354,0.556367398472249,0.5329318567514535
1.3810332139551562,1.2431811517135412,1.1648279043168825,1.1095459984960203,1.112802252381132,1.0952114208852666
0.7506415995777476,0.6426579958672636,0.6049941133045432,0.4711573595738504,0.46811850551542367,0.42551107467837757
0.6360090065512739,0.5057703218055524,0.4696911828840413,0.3171144241558369,0.3105576272434025,0.29624151708010826
0.8009215312253111,0.6828180838928789,0.6502314421246855,0.5045782360964955,0.5003532446759105,0.4208375282784421
0.9977012435456878,0.9191258675213684,0.8841318258924422,0.7346485038188566,0.7283203937294682,0.6463831293346156
1.20848737417145,0.9845643793929092,0.9373973286888738,0.8806640557412765,0.8778188734086776,0.8475444511556668
0.9335724133306953,0.7815936322390665,0.7589161728645674,0.6079224915736676,0.602191528173568,0.5858913231406752
1.0132926226988512,0.8864870052716245,0.8321265649134764,0.6937122348028524,0.6873890316537898,0.617383604316347
0.6054002670288694,0.49643019315526715,0.48606513178346944,0.27934471393492244,0.27165679990449487,0.23017679024262105
0.6692634092075176,0.5015960016696783,0.46622382872165014,0.30928256208393345,0.3004536177510878,0.24083283036138603
0.9098962855926542,0.7809412420893106,0.750716638168035,0.615057743479765,0.6100471506947922,0.5439596747738255
0.6682728443180136,0.5261812824852943,0.5061872882703127,0.3485143932174539,0.3427902109741967,0.344598678384494
0.9374913099006992,0.8292471542168167,0.7749938974241369,0.6348709896258955,0.6299441730375942,0.5437832543688557
1.42331537092605,1.2235148707112977,1.210928663396933,1.0974310988728895,1.0920377883643724,0.9649314190599096
1.3023817905634807,1.1568132603414545,1.081428888955338,0.9774091421544228,0.9740929043671359,0.8952373088824781
0.7840576160910386,0.6730385781425264,0.6574584223168103,0.4973465324050873,0.49275483485803373,0.476333609669516
0.916443182095873,0.7859634023482691,0.7550385685613172,0.5724835243558225,0.5658840028561332,0.5384004977878433
1.0184695204761112,0.8937379108164812,0.8275700745826384,0.7095770328095684,0.7043934833456141,0.6883610952280635
0.7328614249670986,0.6335965233603607,0.5897191407598059,0.39453240054073957,0.38388836050143305,0.30978366592901285
0.9227255068427591,0.762873871735119,0.7427981927096052,0.5168852830430829,0.5088708114180948,0.4518456147180582
0.903431073352305,0.7766436775339425,0.7598111969985245,0.5376280327594761,0.5297632164757657,0.4358176238297432
1.2888428050021898,1.1394544692911257,1.0473840768496645,0.997163523305384,0.9978505656598962,0.9755130430999774
1.0940361795507876,0.9243499680923962,0.8337847738789923,0.7308248513410239,0.7271714744514999,0.7019949292285468
0.7372984875553266,0.588245269346876,0.5541770903242924,0.3743903694610131,0.3674094410998269,0.32364985111781397
0.6922672473372492,0.5392825920156671,0.5606907640913177,0.35858019609060166,0.35188751488370285,0.3024326859887704
0.8862490794837792,0.7755518930283967,0.7542775627004494,0.563759697816571,0.5562894183916037,0.5083010055157148
0.844082699455889,0.7275028513800622,0.669290391832151,0.5207386665234235,0.5160896178175342,0.47369833369838843
1.1749442277458697,1.064961535703355,1.023779036114373,0.930126966855392,0.9285371482743857,0.8938619288545259
0.6666764243386348,0.5360291784747753,0.48481916910275513,0.3356351983646205,0.33075090584146594,0.30229389358557524
0.9775568784041184,0.8510655440388821,0.804522429447942,0.6455370707533282,0.6391893660714988,0.5351920970547763
0.9090230529210424,0.7646961024114861,0.7322046231630442,0.5557302514098308,0.5476301972857957,0.4874623169511384
1.2322025358392439,1.0876883270937951,1.0247196995180192,0.8999847838293887,0.8976688477322559,0.7935259988876094
1.0002874853948915,0.8930988154083186,0.8462286994595568,0.7238609535071873,0.718508045752429,0.6568824063031918
0.9247651733620119,0.8047060058291858,0.7460892597780027,0.6070798524662273,0.602328710257315,0.5839039881847007
0.9772376889935797,0.8272044040994613,0.8096005539618342,0.5902837628097166,0.5812774822080504,0.4678346716347971
0.8634822041592451,0.7500007590079097,0.7238319300881477,0.5571022871798688,0.54922034857371,0.501036442272643
0.9742825520685932,0.8602443087398797,0.8252806235161618,0.6504606655768548,0.6453791169426916,0.5635873234388561
0.8032046910246642,0.665006547305898,0.6452786915162322,0.4143885774003576,0.4053556946535227,0.33898495493516434
1.1766957017024384,1.0703418562730302,1.0102197364587093,0.8821330139867947,0.8804991571521138,0.8271839172007834
1.049712020912737,0.9224446848057009,0.8794085499858486,0.6677915830391385,0.658562292575006,0.5320781160396583
1.7442418947933356,1.5839475843658728,1.506349998374988,1.3615181925349753,1.3625030758442458,1.289725022765551
1.3600701672927022,1.2198035023169622,1.1802390156123137,1.0351977991000674,1.0293224592560226,0.9428175683421205
0.9236595692590726,0.8519015788558089,0.8296200750573446,0.6401103407673479,0.6327902479166537,0.5224592869234148
0.9236577740672913,0.7557149077547421,0.712573567506207,0.5565644200861476,0.5521556410872641,0.5588881245892159
1.1116487189844684,0.9438838295165504,0.8821647949477961,0.7871232812971027,0.7819443049973372,0.6983734504077773
0.8024283056799284,0.712004894359306,0.6674220106975313,0.4864900326610765,0.48017909346103194,0.42171161898537124
1.1805158014257502,1.0352232188042632,0.9811136410963529,0.7897404480930971,0.783475065425232,0.7111901949636602
0.7568246911280232,0.6386685147357749,0.6055616533457724,0.4497727366593517,0.4448632777703193,0.4112353678022662
0.9902792885085576,0.8828489335545613,0.8454984528041296,0.6943011905894123,0.6884431873869165,0.6267858491925843
0.5938092131003303,0.4709178066063177,0.45945648818118884,0.2674036864591043,0.259050095068436,0.18204535905156938
1.0915671919757162,0.9385635306239455,0.8963519561463376,0.6890236782252136,0.6828303536455382,0.5888477691665315
1.1178166492575838,0.9767075506253289,0.9201317229629036,0.7860263452746196,0.7817942062623465,0.7422312980322968
0.8945520948063549,0.7793261307686803,0.7499262852688332,0.5272282863244867,0.5189181731814435,0.4233499750316688
1.63021840143213,1.4597282531647013,1.3524558297869507,1.2624495443229582,1.262231880441846,1.1821163774310426
0.8752515554631357,0.7671724727653206,0.718571587930313,0.5680897518612485,0.5627585446503088,0.5390140255017146
0.9635562281974586,0.8568020799346026,0.8357189714886455,0.5957712137440151,0.5867239112371353,0.46776944416991184
1.2302739539167447,1.1086566940976776,1.0419842255425489,0.9127920211547127,0.909334149197175,0.8463860847846085
0.7703273685273921,0.6495733588933932,0.6391463444297034,0.4269474617880119,0.42140344017268727,0.38998300280630094
0.6200140694432796,0.5185648295193543,0.5141369374048335,0.3160652577510601,0.30933729698798196,0.2912191302661292
0.7816204040551448,0.6920930861377221,0.6550024534403696,0.5276725621468864,0.5220965548077638,0.4569966740982734
0.7868262304837785,0.6642405778989263,0.6521501631353139,0.4796002242516859,0.47238328983071787,0.4283548237006838
1.0539976665426973,0.9525491621990376,0.9014415184148881,0.7402712045604717,0.7346832096029631,0.6213917571019234
0.943128240966442,0.8562806910979315,0.818895734046974,0.640527491205159,0.6344189753467495,0.5686376228933777
0.7483600701429594,0.6394421004851287,0.6251720081032501,0.4015140644452445,0.3917137901301484,0.3133806432670423
1.070880014346419,0.9340260131068112,0.8908598483388769,0.7683570751203415,0.7647466518234971,0.6876445774458901
1.1538428020582985,1.0298523221257911,1.0043104665968143,0.8764427971772327,0.8746902988111644,0.8103077021284605
0.8321033853345591,0.7131609856431291,0.6737837441575025,0.5417862573596686,0.5381225374475856,0.5063087520624975
1.1407824725767879,0.9711982845048462,0.9243044766171287,0.7378033422539788,0.73015289547529,0.6431672487732494
1.0814789025195966,0.957667001215547,0.8941976491994327,0.7291194811187469,0.7238777408831765,0.6431380025090098
0.8059538609822965,0.690006795428917,0.6423176037059782,0.5201748910653405,0.516295272189739,0.5073165719153503
1.3970820967288577,1.2610031596141604,1.1650273314183814,1.1479523549448403,1.1486818060224762,1.000308912274431
1.0024341310049256,0.8835098419809343,0.8429321392831146,0.6855911911753041,0.6808777094523603,0.6227301468684106
0.9521784042246293,0.84865062320686,0.823175631484303,0.6523224002624034,0.6450474365377366,0.5713654311518165
0.8898109269332288,0.7654343515383273,0.7176256433552902,0.5423000504739248,0.536250008789756,0.4630591600317733
1.3394508364787236,1.162800937272125,1.0737895999542881,0.9488825834680978,0.9493281671853433,0.910400813563449
0.9327114897318983,0.7997620531534655,0.7738573880109215,0.5799065371242041,0.5715302333110465,0.4880609658357564
0.7829270881287348,0.6486185861377831,0.6325144819768536,0.3978391525306787,0.3917073331104759,0.2987327495895631
0.7760900997679673,0.685527419079839,0.6541922111797083,0.4760729017064731,0.4693111800772942,0.42530646752375356
0.9976141305124171,0.8934774824716905,0.8392558683341509,0.6568146922098702,0.6514617894504475,0.5612393075055137
1.1081883562255705,0.9177612943303707,0.8481184902038642,0.8034090853973951,0.8008920812935018,0.8180985203542145
1.2070448114737082,1.0710214978179096,0.9841508765800462,0.8763348202370976,0.8734433690604504,0.8401979736625648
1.2634711539410162,1.0965106771862008,1.0206404631145305,0.9016366024620868,0.8985239745908083,0.9021471759012659
1.2652931853098823,1.1418937816072487,1.0853217187866033,0.9706301174478388,0.967327868429849,0.8815415099940711
0.8143977468223536,0.6970254862282658,0.6688440038456991,0.4641267906632046,0.4556211505365878,0.39615639270033354
0.9901954877844129,0.8630226964718735,0.8112180468578111,0.6785931735364409,0.6741441354971109,0.5616590055072092
1.1482334120220452,1.047458800247556,0.9826722268188457,0.8223809172128841,0.818842290676047,0.728865092753681
1.0703610577794416,0.9512485713383463,0.8888519481504539,0.7689617295641414,0.7653018631431707,0.7113450467813779
0.9025168771833073,0.7621905995270696,0.7270725636509665,0.5465252972603852,0.5403553730265155,0.482358284884966
0.7786977566116726,0.6252854115186264,0.5832901829061573,0.4656052708267898,0.4615821095767684,0.4675498426330664
1.0001589949002394,0.819065815220812,0.7674829865718058,0.6537535889507108,0.6510880086881295,0.6310639673098849
0.9411652083431186,0.8189966589404748,0.7822931437127209,0.6026162018973987,0.5953522266937177,0.5235213535602123
1.100468177901806,0.9356802983586514,0.8898358266637925,0.7451117659560288,0.7398761771455791,0.6414387172209539
0.7343046249498095,0.6475032406714424,0.6140339125611625,0.44971138539969624,0.4451409063912185,0.3887684378481743
1.347021854769737,1.2133274270224383,1.1628696716435702,1.059208388422872,1.056512391015283,0.9832912269383787
1.1298625484231573,1.0100730722815605,0.9254993911931042,0.8007163805960542,0.7995018734280931,0.7272439339136741
1.038983754065395,0.9297720638383484,0.8987307745416063,0.7265157513846262,0.7165751696270393,0.565249754049661
1.108119082649631,0.9994073177555359,0.9589792307825795,0.837662076328684,0.8339241798761614,0.7388360604058346
0.9133027914219329,0.797389631723253,0.748686327869214,0.6355164768304825,0.6313772720073436,0.5714081933432739
1.2595424225743566,1.150776546327359,1.1003253041211725,0.9475508692359544,0.9431261043173671,0.8247741713709551
0.715108798303473,0.5617839211088294,0.566347271464193,0.33135592698510863,0.3236887100393324,0.26046659702913744
0.9077038109178697,0.8009277550137487,0.7674790973600422,0.594068680548992,0.5877434020075772,0.5360489558829741
1.0447419329050223,0.9701555170235243,0.9352341008283465,0.7320799344236872,0.725728983553525,0.5468831142638684
0.8405066901881004,0.71679116117232,0.6693988400034989,0.5152590141186288,0.5087415252925038,0.44074250300236695
1.1388992200952233,0.9976608411346848,0.9345945812750203,0.8031198106790751,0.7987376324977056,0.7334157015671224
0.8231714122571576,0.7236956553991294,0.6994079084517038,0.5716729137880613,0.5670333474347007,0.528927543367289
0.9271188241078507,0.8051973211681058,0.7574465920365159,0.5743905321994437,0.5686282073929452,0.49008063005605185
0.5174808832068658,0.43723577881999226,0.41336279680087884,0.23804617702593667,0.23183800283506528,0.17250930488214655
0.949983222361711,0.7746437865744096,0.729894767597449,0.5989705088795191,0.5946855176380289,0.5660151398294903
1.0187728215295313,0.8999784383300012,0.8538131351125107,0.7008523141767632,0.6957286106187551,0.611977540463443
0.5198143264546553,0.4126226498597406,0.38284828256921805,0.2137793598869998,0.20723306606867153,0.19263089676852463
0.9205275844058336,0.7907507795665975,0.7320175142928257,0.596471450910891,0.5921525273649655,0.5331241004471577
0.8779589660585727,0.7597353249921528,0.7301026791948614,0.5530918101892667,0.5474014933535714,0.482638222994061
0.8765906599579303,0.792658444612622,0.7478381866028314,0.6101648776325417,0.606860669280927,0.5486612408910249
1.0610706437386785,0.9336036249013043,0.8707291539625456,0.7244114989892735,0.7214651328282045,0.6248653938442166
0.818112415341273,0.6968752525875082,0.6596539437282036,0.5181526663177519,0.5131001511342099,0.4455221778434729
1.1087831018600949,0.9654083070959657,0.9168356310016976,0.7378753456160064,0.729527699766857,0.6186253108369691
0.7293629151288876,0.6402936678483955,0.6042225194601603,0.41021122395318255,0.40384331549423036,0.3346508066211008
1.1188333790807756,1.0335076006783892,0.9776219389129245,0.8083472085976493,0.8028751366906308,0.7111037884255561
1.0003513740264591,0.8529782838734994,0.8010654153779789,0.6262117837238619,0.6211653897033573,0.5607792678234637
0.9792991762526082,0.8637024553416346,0.7969862189955247,0.690849053877368,0.6893921213706647,0.6739585471432755
0.9459720173767349,0.8469062643211329,0.797587594299974,0.618111504695788,0.6117724477003038,0.5325103640813005
1.2500400457910446,1.0930370356959151,1.0520907062742353,0.9284858291123498,0.9206294851342285,0.8201599240354707
0.990577227382586,0.8697821040176672,0.8393983441115261,0.677030903927653,0.6732089642603308,0.5845547545661619
1.0017989830618093,0.848271459785473,0.7780272110627396,0.6597054971620737,0.6568334315954574,0.6427115885977719
0.9908176250189326,0.8611485447375692,0.7978158031960957,0.6716992949441888,0.6665245674624345,0.6120970802339447
0.7006537763825817,0.5813158416357538,0.5322267460582328,0.32408331074788754,0.3164535781330279,0.2669536273853541
0.7963518164450416,0.7227311470738719,0.7172175265446583,0.4972483109738839,0.49037813839577693,0.33934709052071044
0.9745977568657841,0.856707849259049,0.8167392066280291,0.6361079972200208,0.6276741177453945,0.543579348776726
0.7139770199351413,0.6080231396348159,0.5887208104110799,0.3968790314792906,0.39013781070059983,0.3366280510963303
1.3005062526768418,1.164164462134191,1.119098497770742,1.002334447826692,1.0030395912021874,0.9840529551052101
0.9089831759448181,0.7665421279573632,0.7336030409357575,0.5126299807047253,0.50567142628354,0.4040389070027368
1.2532570567280552,1.143864959019776,1.0657344682744012,0.9754802438270597,0.976603014304704,0.9318710016463064
0.7900180597300711,0.6249835852888544,0.6022442498720169,0.45522735624128563,0.44934136193832674,0.39219992475116017
1.4036038118412857,1.2544075408737183,1.1964112581766388,1.1160924806622776,1.1120849689161532,1.046119732303579
1.1039600249718344,0.980006836337603,0.9307878475787292,0.7994484204920005,0.7958906033495347,0.7007689582519242
0.7406497989494347,0.6606764547367251,0.629354827063807,0.44061877675332517,0.43397282148929694,0.3545681087313911
0.9541398080205473,0.8164014958354897,0.8007342099415987,0.6093014413329939,0.6020602041723362,0.5426400827521135
1.0332055933224586,0.9032932535426219,0.8596335339501595,0.719360277374659,0.7137343958752147,0.6695846331269829
0.5527641302004651,0.43956587481075693,0.420314272396185,0.25377251272701107,0.24725599130617704,0.20957307652993995
1.349297057825336,1.2082666153011146,1.1552613820318576,1.0631644317346347,1.0593630407426713,0.958532821135792
1.0464475755938416,0.9115195951512052,0.8801887586324559,0.7232863897448802,0.7193609884177388,0.6535334351327517
1.2648256186140108,1.1113242388033402,1.0371475959874616,0.941095953377565,0.9390107906504666,0.905814121965895
1.3877316652963265,1.213533548000031,1.1539494218291622,1.0591119685403105,1.0556090153705568,1.0112801485645404
0.5437407561587333,0.4083496445690446,0.41577496082634086,0.2031901080912769,0.19408665808921188,0.1550760535986626
1.140145617089029,0.9957987891854674,0.9395327707860265,0.8237197028283821,0.8196264531508007,0.7418805241557557
0.943672037614201,0.8126389444350786,0.7863195427416224,0.607601703476301,0.6000489141536792,0.5247281789120605
0.8354088205078973,0.7065553536219067,0.683561296876604,0.4837189472877984,0.4752151218781018,0.4221101205646396
0.81992290559594,0.6519477784994221,0.6666246917316762,0.4231167770452473,0.41668898723308745,0.3219061714229141
1.5481255370133136,1.4092219044814744,1.3325171895721242,1.2563757012181407,1.2588328152382404,1.2507654843066742
0.8841126109085757,0.8109194808755416,0.7710823545753556,0.6088024959084012,0.6041978006717841,0.5213132992505524
0.7254221633317053,0.6127043530141445,0.5989719525377463,0.37008187393964387,0.36142982805073587,0.28086533607183095
1.3057489435161769,1.180564030905772,1.139482092064875,1.0048799701078095,1.0006295889673733,0.919590941120505
0.6013184977030122,0.49355049577709764,0.4866570487875535,0.26575119643411116,0.2553624894944905,0.17675920275613033
1.0481208515016882,0.9301724482816429,0.8701933651900576,0.7064525304396674,0.7016199770144115,0.6073452234309973
1.2964036966965242,1.1752927338907495,1.122878219499841,1.0385354485620493,1.0352558907557827,0.9504292753797284
0.6898581294351349,0.5998165179648309,0.5889498228340968,0.39138182503193497,0.3840897171806563,0.31125009008862414
1.0509555504275792,0.9339310906274305,0.8815097636866582,0.7118103034684011,0.706051923517272,0.6207425284884077
1.1388846004845814,0.961437724861654,0.9046435165368756,0.7876819917428779,0.7826499056960797,0.735542609554929
1.0754358273862352,0.9309955770738052,0.8800619169808672,0.7148328420612228,0.7073611269530332,0.6336321629570885
1.386233660761469,1.1983701534678748,1.1744886903812088,1.1246766024571908,1.1233727611742677,1.0117536473276485
1.3045223775864283,1.145072437626243,1.0225745336650314,0.9874095948045789,0.9936187979609201,1.0009115395852883
1.151963970300792,1.0246064207771748,0.9567636847543286,0.8298562606518292,0.8278337667541258,0.8018556465943172
1.3823155903836337,1.2294244383195456,1.1723015528652299,1.085533870841068,1.082988464069234,1.0115976962212399
1.178633176052526,1.052469177336464,0.9990249191669198,0.8328779236922261,0.8265755888590904,0.7132527426218132
1.208304723977908,1.0569992657255143,1.0055377957894303,0.7930418699230278,0.7846236437926054,0.6724457931138689
0.8929830301913704,0.792843151891218,0.7663666578005308,0.5853747351759092,0.5782142354331596,0.5062392773221741
1.117376548555355,0.9886694094810894,0.92362281131357,0.7749994914166636,0.7711740062528888,0.6230544470986986
0.9296475653363521,0.8035994539185927,0.7642924636478083,0.6145932393397563,0.6102366327574378,0.6011106054978267
0.41712596840999966,0.2854416927853328,0.3033949860006294,0.05365950919225437,0.04316163449152677,0.021232757421318915
0.9127951502393956,0.82062180590731,0.7957650055297807,0.5814681614129945,0.575375658278593,0.4565557782905654
0.7450510027535064,0.6207653897530663,0.5874666273928615,0.4560857863198299,0.4515801100530594,0.4320946129475428
1.263180590060904,1.1248434879631348,1.084659226469926,0.9443562112447162,0.9385914419007482,0.8393624963620122
0.7361305276704044,0.6257870860613137,0.5939433300686301,0.3537488750137272,0.3458557226197767,0.2572770434010051
1.195980805612981,1.0461303752858253,1.0130489849904385,0.8770031123033742,0.8697225949209617,0.7267872844503739
1.0661251580179492,0.8680933083492217,0.8671719341004812,0.638953198153501,0.6304040170281235,0.5330894343310734
0.8398036713190625,0.7700991260535881,0.7349460998551967,0.561346514034803,0.5516218650217581,0.4485934680810608
1.2812849203092052,1.1411772286572803,1.0837765709237341,0.9716877587459485,0.967419042730514,0.9375776627755947
0.874473220852998,0.761666674026618,0.7198820484762067,0.5414341430548386,0.535908490854864,0.4668343596597474
1.395949452548954,1.2165859621873545,1.1511327189954392,1.0108120056691696,1.0058715258584843,0.9298443997153246
1.0780605347415495,0.9457041168200249,0.9096182165880139,0.7978796611098873,0.7920049501915929,0.7231858297841711
1.096071496856069,0.9966434178318998,0.9725525298498838,0.7863385995171154,0.7791059033716038,0.6558468373818751
1.6518186960581704,1.4594114857333131,1.3345030278270777,1.291703885852002,1.2959234526315981,1.2375459804148585
0.9936208381441162,0.8703875250453901,0.8307272708479314,0.6477702918832673,0.6413078009514769,0.5216653820281135
1.250438511455339,1.1151314186284602,1.0836955807413802,0.9725984153371773,0.971173353277755,0.9050149181202899
1.0520395649057446,0.931987674359164,0.8737625914827263,0.7452452710969089,0.741401404666195,0.6782161022280705
0.7979370107236886,0.6656837045395321,0.632296458646496,0.4303721448714172,0.4213802332650519,0.35587103736608483
1.2604458082658048,1.103393943331064,1.0179207122143645,0.9634260247490254,0.9629585753478951,0.9288675742581907
1.2446627116333613,1.0195504011874916,0.9331498331377458,0.8104700002598886,0.805268476844217,0.7809178871293149
0.9527144300624566,0.7880254770215284,0.7783454266656973,0.6377027060356074,0.6320193220764421,0.532539922945974
1.048934744602753,0.9055538528932876,0.8604141184527825,0.6544409139884787,0.6503485220615854,0.5682019596790654
0.9543307378618926,0.8222448720225904,0.7942655139941793,0.5949036215421211,0.5868703021336216,0.4854584923131512
0.7783410428629901,0.6565826655829352,0.6027651402480124,0.47712887359390266,0.47384772860092583,0.4245175432285968
1.2056103668530465,1.0834135751428178,1.0336690108292839,0.8529041158916845,0.8485219359822483,0.7414083847637605
1.2426309930045454,1.1195265138831405,1.057674261990443,0.9652462037626144,0.9645954239638398,0.8754554107925652
0.98182200978184,0.8372710678647346,0.7899447242016164,0.6470314034747433,0.6431162867710954,0.60685001018542
1.1301545629419214,0.9998431849878104,0.9320844712238784,0.8142889966783441,0.8102673755424266,0.7455300382783234
1.200091443317037,1.0770603297435515,1.0208311294603205,0.8640619093491898,0.8583106842377025,0.766762833272749
0.6233226518506356,0.5158118956614084,0.5113738234075873,0.30169580510993754,0.29545898158934836,0.23688695452924435
1.453337883388647,1.2691134071147587,1.1663029983516904,1.1210279888606736,1.1228240979552715,1.0760401229042873
0.7618329160824542,0.6947435158444067,0.6785621293700911,0.45974706114784725,0.4505985083881273,0.375706379970405
0.7595531497637574,0.5782674474195914,0.5574834064748206,0.4085609084418469,0.4036342618853186,0.3556260881557658
1.1056806139569906,0.9518372337237206,0.9054679119472391,0.7617572198606405,0.7574639289390049,0.7357044258251115
0.8303779882065054,0.716271620940284,0.6634092795440382,0.5186262879595769,0.5150063881327882,0.4705077945903974
1.255884604855162,1.1116588274940948,1.0877500963978304,0.9466935875274779,0.942390639196147,0.8893610209780627
0.7911473456311207,0.6961682774990376,0.6927355890084006,0.4783907480538552,0.4697848052670833,0.3749821767760958
0.6552679132649428,0.5756975684037555,0.5595506124035263,0.36488644387833513,0.35868343489421695,0.31717997598399117
1.0613948728468614,0.9335988355029605,0.8913953214398604,0.7531762199636491,0.7484788461410239,0.7110121950469351
1.0101541022587008,0.877467642338281,0.8216757723896966,0.7007303389866869,0.6972623456740596,0.6469915146812921
1.2030830142227285,1.0813493188498393,1.038059137272673,0.8772305217589502,0.8733896275126876,0.7708858202818503
0.9309928982140752,0.7627584992560976,0.7625701398403119,0.6263882867441523,0.6198364098894754,0.5525518963006661
0.8982122009055902,0.7692740930814983,0.728868018707358,0.48442991381508127,0.47524532590350943,0.4090671497518863
0.8465483493981095,0.7218485347413742,0.7055740273873058,0.5573645095468234,0.5493317537164096,0.42556112811828695
1.1865864482702257,1.0506689197325019,0.9885792851444847,0.823008606430232,0.8186178640564762,0.7334027793895478
1.13235930808594,1.0139748912172744,0.9606125102864282,0.8064379797847194,0.8014394834508178,0.727306150146537
1.2724886922617387,1.0935644661781363,1.0605669584992534,0.9305944671165357,0.9251044946562751,0.8470219139698045
0.8120221272569901,0.7054000435089768,0.6727384513225382,0.501789082834544,0.4959601011820123,0.44309581405894416
0.8720192196094025,0.7149503396058506,0.7043332795462005,0.4620060864405683,0.4531790184180753,0.3866077282018595
1.1612639077295075,1.0494603723180356,1.001934680578274,0.834431256419939,0.8292349170933768,0.7596069741643647
1.0689364110405322,0.9396173820701355,0.8852261695421126,0.7419647514132529,0.7394378884718124,0.6661066132061276
0.9258411073807599,0.7841782626637601,0.7452284860919708,0.6349435401206909,0.631459665463088,0.6339082536497525
1.348153226525171,1.217688877557493,1.144604100310608,1.021055232676115,1.0191199818351573,0.9611423384415306
0.7363659024041206,0.5985122454334474,0.5970722331427338,0.42900653953072176,0.4212652734712049,0.3832163970533907
1.039092521004516,0.9256870906833499,0.8667071536639276,0.7181024570201406,0.7139905841059229,0.6361849348522974
1.0554287958932207,0.9114688003646765,0.8457120990471433,0.7126349027436757,0.7091032928895344,0.6419803366136781
0.7806099048374568,0.6586450302310692,0.6285323436086079,0.4337379373575937,0.4258003272789985,0.37824563126817834
1.2288729820379667,1.0998552792696494,1.0645600055023743,0.8868752701726975,0.8823411529392674,0.7384890123059753
0.8654338116925606,0.7416390312857604,0.7344148934740807,0.483413244519036,0.47334478968271754,0.3500764276486378
1.1292822461633791,0.9664119307941963,0.8957316417969875,0.7580939761361143,0.7564268356416568,0.7338264460928231
0.8553719358040794,0.7509351361942315,0.7055714287907447,0.562304267854862,0.5568506939885949,0.4952932941358076
1.1896370341000408,1.043032808127831,0.9922188334792912,0.8498296115369446,0.8412336150157829,0.6420987502509923
1.2444534032055206,1.0424467950146075,1.0035405757594766,0.8992864777606289,0.8980464409799574,0.7677617078778439
1.297880802742166,1.1558667797891493,1.0740651668084835,0.9710618991547526,0.9682150557389728,0.8887491312785033
0.7845432292178788,0.6625147866796284,0.6376630969810471,0.43824056750903195,0.43006349655381726,0.37200823597680943
1.0931404613693394,0.9734764244553634,0.8976824982562994,0.7691845354521422,0.7644249952282034,0.7086006975156864
0.9673627220584529,0.8072416737199242,0.7576101564842763,0.629089596356176,0.6234461154769854,0.5796361613320863
1.15882313545548,0.9974702819690642,0.9225113029493122,0.8328073262943883,0.8308054720424803,0.8263655511432543
0.6163151941920171,0.5117137932308686,0.5116028187616017,0.2937503465531548,0.28538852381364976,0.21012257047592253
1.5037152404350536,1.33768132209208,1.2778316423423224,1.1882986328231813,1.185398686855268,1.1799276176112627
1.283678609805474,1.1058408496950902,1.0731839153810987,0.9187849907110691,0.9145694866978199,0.8339880966778881
1.3028134206646222,1.1065458708762002,1.0149589483734256,0.9218640320369493,0.9205353110364906,0.8223052467617628
0.7559935600225638,0.6344757362034197,0.6095192183849697,0.40615891569287177,0.39798648195988395,0.3485235743209636
0.9808709069656939,0.8387852453466238,0.7860145083722638,0.6606746275830644,0.655726438938644,0.5778860220405195
1.2232447536996471,1.0825001045992158,1.0375826576187195,0.9330317573943524,0.9320648362259516,0.9097951564022201
0.8394801352839014,0.741844253421499,0.7001094827382994,0.523529558810717,0.5171622388403783,0.47102596726801593
1.084741677297472,0.9706583559731495,0.9221073957177923,0.7801070527734442,0.7757190428354341,0.7228552949218136
0.8714280317558234,0.784279142775686,0.7469008313900616,0.5846378000873115,0.5791096093702132,0.5073570350427584
0.7380048223686204,0.6385127512279025,0.6298919962059757,0.395930040494596,0.3861760823798386,0.29784984430761685
0.8136439441613923,0.7102510874636917,0.6632054094362707,0.5045559888981491,0.49880579373359923,0.4516798653281461
0.8493320188514322,0.7380965238601951,0.6919498615173107,0.5751686722878335,0.5714434265483154,0.5258756778626463
1.1913418750076947,1.0489171945547862,0.9774924532837665,0.8740938992141313,0.8706920461034776,0.8236077032663063
0.8938051827564351,0.7553153163548442,0.7380037572980304,0.5409140782443714,0.5307852109176434,0.4184976302137001
0.9090036870002796,0.7850546576754711,0.7740977225585259,0.5552197057048274,0.5455624151146974,0.46391721280923814
0.9796717255393429,0.8533881441200488,0.826564812468344,0.6249973377739089,0.6204403489340614,0.5236842393935097
0.9096260148920058,0.7936181097255731,0.7693114136499184,0.5984993198231433,0.5913485629208692,0.5350450822961985
0.7848280557035536,0.632048208980438,0.5958615658397958,0.44677237907929335,0.44287407422818903,0.4405184051575485
0.8980783642604453,0.7705908623485983,0.725106617570837,0.5282923379472101,0.522735621753981,0.4663123126069558
1.2407427717443622,1.0508486918511295,0.9706830730371252,0.8406692490932247,0.8354055826270428,0.8326586437819381
0.623164811774509,0.5183831103117807,0.4958726539814861,0.3181930015424287,0.3109402949575779,0.29842937155170857
0.823677874247084,0.6922051834997405,0.6584240400636456,0.49623901023201067,0.4922000639662223,0.43232712532895556
1.1047343451213971,0.9975210408273947,0.9864827476573736,0.9421550021301817,0.9388155674913999,0.9082970866944945
1.1174281975639113,0.988029889565911,0.9516904637992594,0.7944747492729346,0.7896873146906894,0.7346187184499088
0.8379391778312435,0.6859056654955911,0.6581119699561887,0.4893194636170558,0.48532347538182496,0.4161431389052621
1.0263773871712716,0.8971429707456791,0.8254635335923093,0.6932926967693852,0.6889953954098451,0.6330403243837666
1.0515789438080718,0.9541877626684372,0.8924608013130554,0.6994470916783174,0.6944544528630796,0.6277725708569845
1.2181229447639037,1.0654019632435165,0.9620535823987112,0.9102005368397096,0.9116721036049844,0.9094034667183784
0.8658236541854081,0.7711303885165816,0.7437771860709544,0.6007726105596857,0.5956645564113672,0.5580638436106731
0.6273022616190311,0.5227647430494453,0.5007985447604439,0.30495409889072345,0.2974023030461045,0.25894156806704594
0.9849223520870932,0.8414546739450517,0.8004789145475358,0.6579965279763802,0.6539391450040645,0.6016929793973493
1.1893106074067754,1.0399835268877557,0.9884446005428363,0.8180378332133377,0.8128832569951258,0.6788048386152832
1.0658499120952212,0.9238731081070861,0.8798026037868537,0.6876826128430871,0.6815856275405873,0.599248572352103
1.0196563833316252,0.8996959042658947,0.8530541765952929,0.6618395063345783,0.6544334982088473,0.5773014386934838
0.7718865093580167,0.6380955585486554,0.6119610038382983,0.40136662489642994,0.39253251490539964,0.3159878394741562
0.6982216337878795,0.6020770692165396,0.5597374928955083,0.4242030685337179,0.4199245225352831,0.4275076779562935
0.7144502580885128,0.6414143747191506,0.6254359610831224,0.42826431959800915,0.420758148149058,0.3532249283973603
0.9426352660535133,0.7991350506895061,0.7675788950055243,0.6464819068826533,0.6469075596301646,0.6009691328926949
1.0159793921674818,0.875326954903179,0.8249925746204558,0.6477866306800468,0.6414481770976311,0.57784523586313
0.8912620539896892,0.8208249610478942,0.784448208112637,0.5582947772040804,0.5510876555714102,0.4619877598863723
0.8271826071847599,0.6802922947220287,0.6509601302253523,0.5120265261494131,0.5085276931164648,0.4400198051396973
0.8098542299687944,0.6931200628123573,0.6721504718537864,0.5011219629541458,0.493109960063819,0.4441285832569478
1.1330862590859947,1.0126425193719681,0.9499708536043302,0.8240856832165814,0.8207362233959957,0.7893544867260063
0.5874082283231628,0.4332401404010551,0.42587584363562037,,0.26241572666772084,0.25319149926811413
0.5728680725696638,0.4464920506279268,0.429282643748627,0.22887396541766902,0.22348210631975884,0.19148983165238187
1.0010375605021602,0.8794966819607577,0.822838734177416,0.6890011022202294,0.6839140322935414,0.611690508266806
1.5548707978443104,1.403270265645256,1.3471971629555455,1.2403632262952615,1.2402969674565432,1.1774351745257916
0.9842443038190601,0.8581101274007068,0.7932404862813018,0.643447802329042,0.6383527243223196,0.5722017813190609
1.0029080440323055,0.883430453318717,0.849432192790287,0.6814752126269054,0.6744537044147426,0.617771865711597
1.3622393867284295,1.238875470670291,1.1688397361632532,1.0593510977204796,1.054920794902955,0.9565156858778631
1.1355938796052112,1.0348359518942263,0.9790422727191803,0.7979970805231534,0.7935697596564734,0.6661000237391028
0.8748170977283579,0.7719903081944628,0.727821399743057,0.6083338760588921,0.6054922166997057,0.531112162794694
1.207122923818619,1.0660092204858163,0.9941574962063012,0.8784266738650889,0.8754957772461137,0.8218106331423424
1.05404710503337,0.9282673864990523,0.8568022656571926,0.7171771224468497,0.7112741013688946,0.613144612275994
0.9869817354656962,0.856792769831459,0.8123134515012023,0.6453629864481688,0.6409900909231693,0.5993802582247956
0.6965262966825737,0.56560323582609,0.53346648889208,0.37051203163885604,0.3638000451048172,0.3512323768426008
0.8748229330132218,0.7686834307864767,0.720441570472995,0.5790887528318461,0.5759212023595554,0.5243105995355037
1.2410775570468602,1.1312748061429756,1.071298583060278,0.9392439294981633,0.9361135137271891,0.841760309479753
1.0112122899028693,0.8980127135444449,0.8394284711890726,0.685057107993996,0.6810420638878318,0.617951777491113
1.040249465551761,0.9060060105244285,0.8358268268494025,0.6976784404357298,0.6942390505913388,0.5405366341039523
0.7852637735213837,0.6671736311766556,0.6409116853562871,0.44931519201797576,0.44202321394867783,0.37586309311598054
0.8559321466154011,0.742855884528356,0.7176012675085235,0.5094868598845195,0.5016871440722838,0.42356492330857776
0.995062007271664,0.8683589018821699,0.8332110463680915,0.6875822125647185,0.6819496464969894,
1.3907214663226983,1.2754430187582644,1.2205236307425806,1.0871658120212875,1.0843391812771297,0.9844886297216555
0.8827473669278934,0.7366529239975872,0.722224460517257,0.48959243977001654,0.48206270617226665,0.43368456523743026
0.992840823820712,0.890080441551947,0.8150192323566694,0.6977333756029277,0.6954129240671746,0.5800719613106495
1.4199318370955818,1.2586377039094865,1.174444160466117,1.1116827406006649,1.112450637650283,1.0074067886181821
1.1759643268788875,1.0314659846391026,0.9835866147097345,0.7987261230500311,0.7910852605097228,0.6943800395835095
0.9019831019374711,0.7848267412226502,0.7648477715807152,0.6013321960564074,0.5961092918967743,0.5433155267741441
1.0219764418573063,0.9190858145384615,0.8839007430362301,0.7004859748315085,0.6936463523596662,0.6159332407763197
1.3857816900319397,1.1938554864608435,1.1847512546440593,1.0142078107876173,1.0079680972333438,0.9408557962015407
0.9211317757254416,0.8057448570753549,0.7675363543480678,0.603759916899555,0.5994771548398392,0.5661400844714642
0.840891823021009,0.7316613452388339,0.689865539172684,0.5315423302522091,0.5271651950297696,0.4526159219612811
0.6276714711481657,0.5203015249810339,0.5024014471536775,0.3470026265349734,0.3398850810936117,0.3001045632481708
0.8673989333994339,0.7334576835545681,0.7279367283922548,0.5709943913772765,0.5642436153186858,0.41240662202533307
1.2208831148244759,1.1003277235430002,1.0272439072400075,0.8680310679438764,0.8618810892314095,0.7567994317309172
0.7010874473930387,0.6066861241344728,0.5763995815238105,0.4118866436689853,0.4068370175000525,0.33871290027413603
0.9234781989555845,0.8361262185689238,0.7900945257459033,0.6476279968597017,0.643238412344094,0.5671655376222069
1.204465338947093,1.037280649235532,0.9489267552556007,0.8215729765060391,0.8179373535951041,0.7659101400485091
1.2225829753740358,1.0880858107511995,1.0523550348574338,0.9274082061878269,0.9221140591159782,0.8301961151955698
0.9265861946992249,0.8049360072544303,0.7578001619248427,0.5707812099742401,0.5654748870134263,0.49568647833934043
1.109247111766826,0.9332493388362992,0.945097046707133,0.7527399363502079,0.7457627087958076,0.5813943681191849
0.7729223617189218,0.6612559302667073,0.6427402013796621,0.48264022397270934,0.4765767883539025,0.4228346641394264
0.9862674476868777,0.8700392109181321,0.8597972436528789,0.6747880638680251,0.669234166123233,0.6255219786175984
1.0657274089303987,0.9359763990186366,0.8998934525944564,0.6644038148741653,0.6545465210268459,0.5263328715186381
0.8603330227785949,0.7344692926069296,0.7041236080759185,0.4939828752844583,0.4877666951723183,0.39524067884757186
0.9144806380154856,0.7368898358016325,0.7400194818837195,0.5394376123429272,0.5319857675228397,0.47344328208323105
1.425465310959539,1.274887113273572,1.2078095707252925,1.0673934842876067,1.064544589200076,1.0157174695715083
0.9205555230137591,0.7863485842956006,0.7575952434989943,0.6050186730035271,0.5975881147906079,0.5219809196818537
1.2435079500120152,1.104724548607806,1.0453588932158904,0.9549684988983705,0.951580946031812,0.8927130698640411
1.4505363290860132,1.3135271727147968,1.2445704409970872,1.128610619723296,1.127613860373054,1.0289556629035825
0.8123862969832516,0.6651705816662654,0.6314594709174228,0.44297091283527124,0.4347985066620875,0.3849749579410825
1.1332392729937113,0.9726931373121005,0.9600724549632886,0.7519755846475068,0.7445034482167691,0.6524369795997432
0.8501601900548668,0.7514444565533558,0.715035606761872,0.5653888801590374,0.5622909474208503,0.513899879656399
1.207015933883526,1.0829068183143167,1.032792391703711,0.8804083299992082,0.876511472634862,0.8502454412572114
0.8353590691816051,0.7350483522318856,0.6940464268045451,0.544728717179559,0.539476018315633,0.49540838117482433
0.9307718724580195,0.850271511115182,0.8187796712929613,0.6420486123177171,0.6357797883857099,0.5605758615546057
1.163752556026903,1.0571049837196846,1.0119499855966403,0.8724443578976236,0.8673678903478427,0.794230208250642
0.9553812590241311,0.8052839125966373,0.782947005903533,0.6587361939425894,0.6543742759672707,0.6417705305996322
0.9464235748820911,0.8237730460587681,0.7854192811000117,0.5321813348462633,0.5220781946405259,0.4268473324121198
1.0854787077385835,0.9414798178560103,0.9250140154741201,0.7591607055294876,0.7521924329539674,0.6761368272852005
1.0775036446924418,0.9697383642501058,0.9348569838442518,0.7495325816306271,0.7452528685497956,0.6357243493333196
1.152093137314429,1.0715362017383707,1.0263776664062807,0.8677136901345093,0.863225934242652,0.7250813092520199
1.0121048694831634,0.879683472812426,0.8122110406642389,0.6911043333129103,0.6876953343103646,0.6060517117094577
1.027644867319122,0.9156170931654535,0.8503843969673255,0.7067731645040415,0.7028227990386555,0.6589963997698419
0.9457697230391835,0.8383558179010101,0.8149242417774316,0.6676672578270438,0.6603783375060132,0.5876036699300495
1.1317576023148759,1.017307579444773,0.9598934768851919,0.8149313335340936,0.8096219461488717,0.7265976692400553
1.4787797436510297,1.3382176728042277,1.251803301547,1.1883217046550492,1.193187444048779,1.1094362156331852
1.4078496222845418,1.224240589194511,1.232780930908235,1.086331200898071,1.0848610605144475,0.9414107265741019
1.467667945165859,1.2933919045566888,1.245481314280839,1.1202064148218227,1.116407749232506,1.039651938272383
0.7752345614554146,0.6318327746399444,0.6009725237551824,0.44410232378755965,0.4387483847818455,0.42775031204948066
0.9130607945374923,0.8165534481166123,0.76637312376023,0.6044376045490231,0.5995969359077904,0.5387029558491717
1.1877474732650553,1.0717100881218826,1.01704224772342,0.8959367892737086,0.8930040784042356,0.8393629648933293
0.6858031018500022,0.5811736728676007,0.5575277152815503,0.2748407640849243,0.26467497194945155,0.14775414702332346
0.9526418092457116,0.832529890798366,0.7856198483462565,0.6248848752862591,0.6197475065411371,0.591324108798922
1.1091867677843137,0.9986983669289251,0.922969599859332,0.7756338111092521,0.7714567873523451,0.6725142116358779
1.137573210015085,1.0422746008687023,0.976102105193735,0.8262906817223606,0.8222953936972941,0.7240959476723987
1.0111070827249655,0.8805662987207219,0.8617645731003439,0.6719981043077111,0.6651719215354066,0.5754339345492197
1.0551798241749508,0.882975645827257,0.8281769719140093,0.6865715999249016,0.6790969636120251,0.61815398330885
1.1594829987196367,1.055870611967733,1.0024744404786163,0.8542325459782905,0.8481160698188718,0.7289781018842625
0.9884283458512813,0.8865252872003724,0.8496820238034554,0.6344848396053322,0.625402228571553,0.5171055335474011
0.9828297570784936,0.8828656923572833,0.842543229964666,0.660719231452826,0.6550425812523828,0.5620866983934575
1.1224482541432035,0.970144504803339,0.892909809074709,0.8346194164112956,0.8336794073819139,0.8323316437944778
0.8028932370619939,0.6899965124644082,0.6387555232098787,0.4963393456311104,0.4892692698794141,0.42350355342883694
1.5125893199771756,1.3315382801173754,1.263728256046162,1.0549804157352436,1.0490112876200537,0.886713624627358
0.7191323691291664,0.5970715497970608,0.5892641730134675,0.3579363059382439,0.3515763336644928,0.2500413192983406
1.063202981848642,0.9527069404287412,0.8723087689375253,0.7696648584936966,0.76675876227457,0.6877215941165938
1.1251333369804217,1.0421132603402468,1.000790946190326,0.8204519591911112,0.813268030365161,0.6955558743525024
0.9430997056389958,0.850185609469435,0.7962175211585407,0.6555383797740187,0.650921247913806,0.6151192782744629
0.6902165121199262,0.5586729317892027,0.536172556825866,0.3650881791137921,0.35802055535465005,0.3501628147663667
0.8490445103747408,0.7499797678483207,0.7146624860591004,0.5242271954011638,0.5167322959870454,0.43913502349744715
0.7587857792708348,0.6269413753513648,0.6149725632026221,0.4307842069355797,0.4225229099421459,0.3874976448374544
1.2832333041591415,1.1551368417434957,1.0906279249450312,0.9268718892045261,0.9231070721239468,0.7833789229183824
0.7214407409215631,0.5141013393072136,0.4997057018623384,0.3210363074048983,0.3113216749564045,0.2115578097867057
0.9116275719805704,0.8010579625690226,0.7593533566175144,0.6517802580173495,0.6478118981630062,0.6218991805082843
1.02231995855851,0.9134080168721282,0.8535586890270066,0.7523092935368042,0.7512210935763283,0.7006768321095874
0.923154619182413,0.7823086075688321,0.7368893931321617,0.5774215508290494,0.5719711919886891,0.5370126151454921
0.6218036928438682,0.5118908431698891,0.5084643385249781,0.3088986990948114,0.3015403166020816,0.2444552970499575
0.8396363028704915,0.7224467203090226,0.6684818877044214,0.5243442912093781,0.5205262313091595,0.522837798828129
1.1159870422597313,0.9810512882373312,0.9301330964435902,0.7965305860249994,0.7912685587425817,0.7533423204698118
0.8891731106755703,0.7922889293103241,0.7739417213066281,0.582580057241596,0.5739364247712159,0.4834553673305588
0.8792546944282359,0.7557545076320116,0.7290674482915274,0.5140509476988018,0.505616829898921,0.44394118217249845
0.8270611021028376,0.6865350968325191,0.6607522836037035,0.5186722603037781,0.5122545878695692,0.4916806431302847
1.0174903058822358,0.8730996056100211,0.8001496197710797,0.7426109217550165,0.7405744988550775,0.7358253747864735
1.015244330123794,0.8906507235883716,0.850147502360187,0.7013888337947822,0.6976491306289251,0.6423109447395763
0.7979439360940241,0.6718826537187628,0.6137221484913501,0.47398314042745426,0.4691288373439686,0.4239098817581105
0.8882545492125268,0.76046663775981,0.746057420516824,0.5457160667208937,0.5365220761405224,0.4533516831554877
1.2353759331701295,1.1197808516549537,1.0422963211591156,0.9247205005006851,0.9231629604499686,0.8497962213785448
0.9056333268956629,0.8124323183910497,0.7717536389013112,0.6155645856046945,0.6099588561148417,0.5294431204212333
1.137845757892743,1.0299567039505577,0.9737141886605115,0.8465267160448471,0.8406979944632019,0.761398825284609
1.2076092929933822,1.0634977970521184,1.0298412814121822,0.9090305202606429,0.9016389381330384,0.8151066423322014
0.8016721158185328,0.6683309841481426,0.6438958229266596,0.4685636907706944,0.46144619133334797,0.4308567656246325
0.9187256806076644,0.8209358829619519,0.8011206836933603,0.5628511744773825,0.555122834270943,0.4584793129831446
0.8936519664474576,0.7774171221543598,0.7591195576276533,0.5415191657979377,0.5336126733008956,0.4479158247242313
1.3531235856084782,1.2335265217212628,1.1585649779805542,1.0003883570720964,0.997641622027659,0.8632196311092658
0.9611864457949816,0.8339654826488706,0.7493295670965938,0.6922575844626225,0.6881833119371272,0.6514007329088751
0.9629935655069676,0.840802310991347,0.7958279662801009,0.7071744717115152,0.7043457202147269,0.6726358111013256
0.9043735668536937,0.8123390228304255,0.7677920644024816,0.6241342545867626,0.6206348103565958,0.5071127249393014
0.8486945613304355,0.7558579199285083,0.7215961108099997,0.5072230946447361,0.4989373252645085,0.4189713643365034
1.6475448656646687,1.4298248181788313,1.371190327098391,1.2307268590568823,1.2256808613020358,1.174016548856947
1.3782493546249195,1.2476136256519594,1.1791099149478974,1.0168400480692963,1.0131018586567913,0.8768700807775394
0.9130227449656021,0.7881980156416246,0.7315912927026064,0.5943575395313246,0.589849049409432,0.54364930549894
0.7968924231484513,0.7028936723691748,0.6877047422487732,0.4428310920966658,0.4338152882400571,0.34623073671987703
1.558573994600449,1.4044545306889809,1.3856749813832658,1.2097984112842264,1.201368076468715,1.0639565641605309
1.2441694637701493,1.118518510869152,1.0629687745055694,0.9178679830998476,0.9133329781574898,0.8327655059710217
1.0905249881589476,0.9723907543317303,0.8830898817911039,0.8142425538372255,0.8152680029049622,0.772754614682045
0.9969235359138839,0.9067023440262858,0.8683401086492584,0.7043668982753177,0.696349585719065,0.5812105468700572
0.8287354586672683,0.7255091237235713,0.67975522116964,0.5497541684372815,0.5445327861578734,0.5091564097026369
1.0590849000436333,0.939336786652099,0.8971223018334517,0.7314574534388368,0.7265136939960297,0.6434692664795828
1.351296996318823,1.1722611410353232,1.1189782122570893,1.0379538629826168,1.0354310147817483,0.9625873443369448
1.120034427410719,0.9355319768829068,0.9006713037165973,0.7560040756199986,0.7513754487589434,0.7123871487552323
1.097423830520222,0.9732735260528098,0.9089011509423807,0.7514172585336425,0.7461599351860911,0.658076450811717
0.9020789661398227,0.7900333376452695,0.7681407336351773,0.5481725174025288,0.5392087566419654,0.463043598368331
0.6527539314961915,0.5395860946135123,0.5392608118808206,0.3323881183148246,0.3237599534800446,0.28884590620271366
1.3118641352507487,1.1407780015922713,1.0857159489753676,0.9559422500494511,0.9527862952250712,0.9384774635484592
0.7696128267699558,0.6189660520821884,0.6129687678605737,0.35008830555685166,0.3443840829307334,0.289854372761413
1.0782951119952584,0.9123641229862746,0.858131119740982,0.7472205195688073,0.7434131616165236,0.7136964695948599
0.8350043997658205,0.7228517544815882,0.7032686178805548,0.4942882739603359,0.48593789142764354,0.37329798035339323
0.9996257104339668,0.8982812336069073,0.8463546579048056,0.6797300677127679,0.674901088801098,0.5883120489629833
0.8087853690462814,0.7055097165244311,0.6807177845090293,0.5351334178971053,0.5290523378085046,0.46993153156505996
0.7545647942902151,0.6136467508157881,0.5909982154003599,0.4018730392397982,0.3943768844387857,0.35432612267246977
1.1142348634282588,0.9955708973627446,0.9374428504979069,0.7957159931812363,0.7915290521635646,0.7205234266162304
1.0799782248366483,0.9205480050351088,0.8978047907243252,0.732025344953142,0.7251050184342691,0.6440539440149727
1.0519799271930081,0.9479963999679923,0.8936837040307803,0.7035317648465895,0.698576866028119,0.5881630320185081
1.1303718788459989,1.0392868906269994,0.9851461032912734,0.8323966097852767,0.8279198265622607,0.7536742150146586
1.2119723471814579,1.0887957608583414,1.0247162059907797,0.9030354520170419,0.8987551807777784,0.7873016450965089
1.108447909802189,0.970298749805395,0.9114279353275114,0.7058996520829757,0.6994212611547039,0.5881875763295347
0.909995212282455,0.7898720496787228,0.7361156388717767,0.5917598504704553,0.5873511913635757,0.5358120463564563
0.667250998608047,0.5807884739695979,0.5585416138228858,0.38901728845660466,0.38272651225587506,0.33091233749501936
0.7934691167156228,0.6932658160356735,0.6453834266472975,0.5056928667114619,0.5018089398385112,0.44561761593353844
1.0930023284241037,0.9716111665642809,0.9424771006747634,0.7487018474539066,0.7424616320647658,0.6312750427042387
0.48224951087920576,0.37178951711183433,0.359412283717992,0.1344680284929083,0.12559672571770208,0.04605908966165417
0.5384409525498406,0.42263240630802673,0.4398853673398458,0.14733043371391485,0.13771347769522524,0.04339527476429683
0.8003677522672752,0.6735791200098904,0.6550043159403882,0.5063870435819914,0.5013649912042968,0.45999945661863295
0.6762620290950743,0.5757117839131544,0.5655122394626343,0.3776815807394831,0.3718975806403213,0.33344008642484924
0.7875563790391179,0.6680996108578887,0.6625143104377005,0.445075042101997,0.43863120010622947,0.3591889158595045
1.1638958498061114,1.0140132275175537,0.9462636664836875,0.8074548813630659,0.8039262115340732,0.7543261284604064
0.6332003892964535,0.5070854284608333,0.4713409682580165,0.33348892640427485,0.3285274830571844,0.30367003164130757
1.0559943532518614,0.896225384345205,0.842601388328194,0.7787729302205905,0.7760018700901335,0.7677352419199036
0.7598034295835652,0.6173868620247343,0.6033932190977342,0.42151656504888635,0.41384427893832965,0.3199680783939962
0.7710650389426321,0.6560874378099777,0.6550619268323059,0.436976536390702,0.42909456877241214,0.373142805241397
1.364641399249613,1.2378936321843583,1.1901214216051648,1.0415384586577319,1.037752633807883,0.9544598935251053
0.8727189639643198,0.778357816686112,0.7931379169144241,0.5622468143618149,0.556029143731513,0.47338850224268536
0.8014898064183535,0.6630431176060047,0.6301114465348245,0.4498532771255245,0.44322033392739113,0.374085721120183
0.7841401239302035,0.6468776043092153,0.6153888781963147,0.5104577472781698,0.5055313307496628,0.4694496250799983
1.9116229202448691,1.7041897881686552,1.5938795922127564,1.5154492783006743,1.5154147984388693,1.4324808939017237
0.8348954527928938,0.6888245422308246,0.6620625485516607,0.4851511017454916,0.47832462306446677,0.425284144936829
1.296672793674714,1.1392021511216566,1.0955681932096906,0.9705605752489892,0.9656424900534741,0.9291590043560298
0.6983605553271528,0.5617971169684164,0.4981029596175832,0.3801762471206076,0.37669110848686904,0.3439663659926312
0.9932838050024233,0.8550548690027562,0.8185427359676037,0.6452289250044755,0.642090717341988,0.5577786933053822
0.6555874486857824,0.5581407957026729,0.5499399923668769,0.36583702985356115,0.35818379324169347,0.276330402626925
0.9173883195610035,0.7884486905384887,0.753189630384629,0.5967421392440058,0.5911307996626546,0.5513305799704185
0.8469226395002674,0.730789841120953,0.702321380182241,0.5207772899495391,0.5151129494982123,0.4313622691082276
0.6578151682576624,0.5743514968619636,0.5388371240016914,0.35315589966453353,0.34705110141619944,0.2893575440096817
1.0264066694728944,0.8650186520405163,0.8260195633208548,0.6834399429312162,0.6804418085821131,0.6610315756896669
0.8733957516758707,0.7578573513767329,0.7224002411076766,0.5702522947783062,0.5640909418602614,0.48599717249913776
1.1557665602298417,1.0110330376370888,0.9485428067804962,0.8361188020654898,0.832369605143657,0.7607775780815137
0.8703414355436035,0.7395320337448579,0.7310690436707212,0.5486064486470567,0.5467664156230625,0.4775742977623626
1.1108363702348991,0.9860916729326846,0.9388589720760963,0.7407577553403353,0.7327842582384204,0.6066068602847577
0.6496179751770279,0.5322189442506597,0.5262418784028956,0.2382833517770495,0.2269741854539753,0.13764277631607447
0.7828336696917599,0.7041521395257768,0.6791134863611417,0.5093918301969427,0.5031903763190039,0.4551164534111036
1.073942859917018,0.966285325586965,0.9073854685713827,0.7911662890350335,0.7883269133998538,0.7887991364129158
1.0914568691049673,0.9209271834738496,0.8377079489948766,0.7293238782369376,0.724385385348459,0.6284584079202502
0.5544434074350268,0.433540958418521,0.42873133231799193,0.16034512365911735,0.1506250114679324,0.09894993508735739
0.8324190319173759,0.7563038154916766,0.7135296727856352,0.5599228689882179,0.555764728976952,0.47820421631374277
0.6793656057025312,0.5939273268245127,0.5870451077825224,0.36185413490343776,0.3541711844661275,0.23230275791349475
0.9861481835494696,0.8431162988332367,0.8283731801783465,0.6060177212673789,0.5998775139257244,0.5319947790618224
0.9889689281212781,0.8559352962457667,0.8197258031906133,0.6920772415488913,0.6913028931093336,0.6214873300548331
1.2934352083726037,1.1419189194337307,1.079128645958688,0.9582419912556827,0.9558094373709479,0.9502729649088365
0.8673499429797258,0.7472083094232055,0.7218521950206778,0.5803644228694469,0.5746898982360295,0.5129344716440624
1.1941520756665824,1.0772705561935656,0.9928307853692634,0.9239774623362996,0.9251737657656085,0.8749739376200378
1.473987517585808,1.3234595155782176,1.2398594393265638,1.1069732053118635,1.1036924039000646,0.9700969361419038
1.1277188112755625,1.014655985455952,0.9685483209084382,0.8129799276130555,0.8083834347278298,0.7312757254472445
0.9944299069814635,0.847457165501313,0.7859821956247482,0.6158197504790641,0.608813861409796,0.5645678760165878
0.9721267688938124,0.81428969613425,0.7870210269512844,0.6091216565677561,0.6021577340288226,0.5035324210098375
0.8183650514612991,0.7230329714801769,0.7036042504278648,0.5565241842716038,0.5495997635587038,0.4905352254931724
0.9008950315385165,0.7709778492189967,0.6980819040092119,0.5786072083613816,0.5752272475446812,0.5485065958702442
0.8833778519051707,0.7447367194935894,0.7010277715277167,0.5486025499799899,0.5437281001237735,0.47322635108625966
1.3733041758443514,1.2340612942991696,1.1280132268444976,1.0730701594847125,1.075287564723805,1.0214070392031975
0.9097885119025666,0.7478702547826719,0.7197518147854478,0.5445161024246601,0.5376715963407895,0.49627215502604216
0.8818437026691929,0.769523988623759,0.7250195721556417,0.5764675700716012,0.5711313587647172,0.5232300766686881
1.0879290478748953,0.9546076617544084,0.9078063444368605,0.6779837075766203,0.6708468298096298,0.5499828490975622
0.8623241237971847,0.7352402470118171,0.7187169727276388,0.5061762295532374,0.4985476503684467,0.4463717540546036
1.220547516471514,1.1152212383856135,1.0573337709981332,0.9235209491420766,0.920475171847721,0.8260159455263719
0.9843384959119414,0.8781787725169434,0.8467096153364355,0.6666428510007016,0.6606481250744222,0.5840724567477605
0.6207909309881616,0.5017612703181399,0.483720634910796,0.31908203299518356,0.3133757479228769,0.30785255208183815
0.9013136072017105,0.7929723262394848,0.7479759777999848,0.5950682917451051,0.5875096947049719,0.5466864661715678
0.8779987571969591,0.7390961853389262,0.7190595022885046,0.5157548451881644,0.5085107971851045,0.4334899540060787
1.1955838451907839,1.0536942959858442,0.971042490884423,0.863242521134304,0.8605350698858412,0.7566158513621564
1.1828981408533972,1.0661481425370802,0.9884086254634659,0.8705636286649503,0.8669648466516724,0.7650672050054923
0.8372178197920821,0.6491886502390806,0.6277438837037582,0.4813546697987475,0.47539073407191135,0.4558317074770637
0.9317521144905343,0.795541357218532,0.7567291995663036,0.5995501140108335,0.5934358822668354,0.5409893238873595
0.8226168977145087,0.6685946956644707,0.6760730154388757,0.4804788671178071,0.47623840137310325,0.4283890314904334
0.8354432025223706,0.7367415709656608,0.7056242174271564,0.581428111316223,0.5759459773166166,0.5305640036611792
1.0111478297165508,0.8669051089085251,0.8275070258702165,0.7433085211787425,0.7401886701634961,0.706358256527993
1.0758202445614617,0.9674208434370897,0.8943411351963704,0.7897704112917676,0.7871470123338676,0.6958024456325076
0.9017036199036135,0.7123410452033667,0.6893349620481769,0.5403505744987522,0.5350392628906606,0.5100743169949389
0.9317972104100404,0.8486048867333316,0.8063263900032378,0.6374971604050385,0.6316836854963676,0.4907074785109382
0.7051922725779767,0.5695147874987647,0.5153485986175855,0.4243173486237002,0.4209175617463109,0.45913736551285433
0.7217325036293971,0.6264414256565688,0.6095733244594435,0.3678676426464913,0.3585375213520553,0.2672185196183763
0.7596346958782791,0.6500110565986696,0.6285510299713334,0.4169260573459026,0.40815532235266216,0.33239954322193066
0.7109191606347585,0.5808034206969235,0.5447079383814348,0.4215670180853124,0.4177324148498147,0.4208786953619421
1.1219226466521262,0.9598739539491282,0.9308739293118489,0.7399290279584044,0.7321836560450367,0.6427695956387388
0.9765729243677537,0.8727237238354304,0.8230495024713304,0.588196458187113,0.5784901766047289,0.4759209943426539
1.5646392584388844,1.3987335108405659,1.3317320433423516,1.168714442683906,1.1632195014384346,1.0609590371023176
0.7911280185545841,0.6522428797214572,0.6043402456906106,0.4481976196665737,0.4433687418325605,0.46541692056396566
1.1123144599527304,0.9838042240140479,0.9304597799615083,0.7668017746318004,0.7603311140174362,0.669769003745814
0.8057677381032027,0.702095647356042,0.6469530721063537,0.48528825146962273,0.47947294278418606,0.39131743088766235
0.8704724757740162,0.7488765828505273,0.7127934863328076,0.5642776006325829,0.5586330010440423,0.5248162565441515
0.8727779049962927,0.7773154146329666,0.7439682290315116,0.5385451155584389,0.5318450813578136,0.4401765888294239
0.6586760155141888,0.5285121170619819,0.5245367811884878,0.3247499557193856,0.31639607599762676,0.2596778009279588
1.149208979210698,1.0286493659525981,0.9377742599825635,0.8424791140718082,0.8395210148539586,0.7582872879469869
1.243927434174081,1.0729133156754447,1.018544060966544,0.9407314498716592,0.9396316554195273,0.9222700675879208
0.7540258080175966,0.645866648528207,0.6381485859289051,0.4308460519486421,0.42135624833997765,0.348779337143009
1.4096819408724603,1.276809251250722,1.1796006800432766,1.0987814985833628,1.1005641024134971,1.032416629334047
0.9505413237018523,0.8101031864484792,0.7606494387272351,0.6087845612761426,0.6029969968690848,0.5611116008442635
1.0972041540862598,0.9826730436969924,0.9347393878278727,0.7707978955607602,0.7671702973687224,0.6833632082414146
0.7737030253785583,0.6337359333116093,0.6269760115627198,0.37154923133086104,0.3636303388111438,0.3082023390818195
1.3692308635522736,1.2159967988886828,1.1026328212789758,1.0411535852313294,1.043738019072798,0.9890259203510093
1.3663175949569832,1.2183465920554295,1.165024566394323,1.047876697742088,1.046180456348552,0.979333943388242
1.0987002149263678,0.9914135068783905,0.9215564275610872,0.7589730523027788,0.7542778631191932,0.6458447309586733
0.8764091281372449,0.7779347037439446,0.757645780861671,0.5503751705581906,0.5422977502357341,0.4618998712348771
0.9148631516642378,0.8096367874279576,0.7572936350702963,0.5936065821049814,0.5872129049471007,0.47293184850645265
0.9560879300293061,0.8702392258198974,0.8072709043470542,0.6883634431013107,0.6868590215403642,0.6389030843218235
0.7739481369137874,0.6624867325126795,0.635828003718749,0.46773531852463357,0.4605570060396589,0.4262379722654135
1.0683896187885953,0.9648408684929888,0.9163028663414502,0.7609129289084725,0.7566383910582042,0.6595210560141014
1.1210621141806256,0.9937906174700535,0.9396200289044845,0.8400231060337247,0.8363401610636323,0.7134834566241002
0.810663628435768,0.6351315966846268,0.6184897478051735,0.5157423301781862,0.5098707504841654,0.4463889065990416
1.264195926643114,1.1132758835821384,1.0650765852116963,0.9141525429258438,0.9098861653717354,0.7976812613042048
0.9583327600104099,0.8138818466036956,0.7671538958412955,0.6638476480371176,0.6581323487516932,0.6207165728999462
0.9228176996542978,0.7837016509141769,0.7555122750262878,0.5828838632044918,0.5760982006158819,0.5449315081090392
0.6700318687533875,0.5373245310053499,0.5266343254092862,0.3458878079571761,0.33926760510372544,0.3191104011837127
1.1771469255613392,1.060621577421717,0.9967384939108652,0.9035714721012112,0.9018883575348978,0.8905079238284674
1.3337529469620235,1.156066351606594,1.0975698872222646,0.9538166860557269,0.9488690690078476,0.7984187004149566
1.4814352542646034,1.2419035070048503,1.1488565518262939,1.119709300895311,1.118434700812303,1.073101070139792
1.0498361234367133,0.9183671909783535,0.8732081450514497,0.7373350681022076,0.7336440641499842,0.672373058902403
1.2526673333527607,1.1440939211748034,1.0972850572468724,0.9688183151323799,0.966379583188577,0.8719331054939127
1.0572008682304062,0.9197101673422916,0.867398289716299,0.7433608502906507,0.7401777075396453,0.7187676325885014
0.945615483695968,0.8315349578597291,0.8021574837293978,0.6277507079885064,0.6208353885551382,0.554958065905237
0.9460110335864165,0.8408087629058985,0.7816966513177722,0.6698814620836584,0.6655556689460931,0.593114228034543
0.7020405615873373,0.6209838590341299,0.5895068409278369,0.4257687643603786,0.42197708798601496,0.3484392725937855
1.0117698705839522,0.8858554043204341,0.818327257376011,0.7387907489028203,0.7366007849295685,0.6643166451804132
0.8958115003623712,0.7969662365888561,0.7521105462878792,0.5644184421434175,0.557320103900891,0.45551116893930055
1.2294999219918865,1.1014227594439416,1.0534489716458375,0.8836972875741881,0.8790297355632034,0.8379476166106651
1.279026495527986,1.1354376641786437,1.0823565864194906,0.9338515274070261,0.9312324937961327,0.868764727071348
0.98782393197296,0.825392656137901,0.8022128986046282,0.6442758593554515,0.6387914424803365,0.6099497876552701
1.0572691755350778,0.9274587758022963,0.8743890057255925,0.7296629569410639,0.7256929263107782,0.6777712829649408
0.9623299521784106,0.8406008159595274,0.7943135154802039,0.6355889043265629,0.6305594477563301,0.5899219030116359
0.6658077967916272,0.592269380468811,0.5627930992609572,0.4414925935709304,0.4389717052054547,0.4205235847932953
1.3244962007864158,1.1731441019205673,1.113584152918122,1.019783415243373,1.0192357434216803,0.9229526807281323
0.720324098673491,0.6246798468337877,0.6136792460289711,0.41790403705413237,0.4123374470724035,0.3703657428678455
1.1597351779992175,1.0525915210368926,1.0091284655797463,0.8973367717638191,0.8934658863933443,0.8117581216442429
1.1622534050193027,1.0246209425052393,0.9739175435586072,0.8498332594015783,0.843392845694877,0.7724267218856276
1.2642313422881402,1.1512734880389157,1.0900532913029024,0.9222271156170259,0.9159972617719524,0.8232918132278179
0.7512134352941428,0.6336176391780359,0.5923238896507377,0.42355648007729285,0.41793671613909644,0.36502894300111366
1.3061368938112128,1.1683826207534405,1.1116588733693433,0.972419738628705,0.9659178422961332,0.8799629360799781
0.9807291940712225,0.8777008323659314,0.8336367267580127,0.7047426058006556,0.7008664758472398,0.6497472602022548
0.6781874247923187,0.5598949520358887,0.5278957870232616,0.4063645707776977,0.40331466955684103,0.4052920380580701
1.1036845768683825,0.9540929289560764,0.9140900902501466,0.8041001560789346,0.7988339450641663,0.7431509308164247
0.8707088383470643,0.8003478128670016,0.7945314361348641,0.5891910238065223,0.5802062499625815,0.4636833387805076
0.958658754900158,0.8134587111073224,0.7691990593642876,0.5981469197921313,0.5930478905389995,0.5599570191633935
0.7811829664530197,0.6732298650986323,0.6454752967979436,0.43885809767591044,0.4304119239796741,0.3531914426027225
0.8285636535482381,0.7174239904333207,0.7112194353700769,0.49809751513199707,0.4913363625954672,0.4122063040511148
1.1249850662060055,0.993815341160369,0.9375432918033404,0.7746068312856785,0.7685445716154237,0.6873604161498683
0.9159989795909459,0.7484400981425119,0.6973664017845141,0.5789994466397794,0.5748782895776849,0.5756103472552209
0.8209383917745504,0.6665613208998189,0.6508884646693349,0.4951475088063477,0.49117146649257437,0.4567215003553179
0.9109410821283968,0.7857684925291057,0.737127721950325,0.5962083571711092,0.5910191418743762,0.5330798679190885
1.041314949138179,0.8730567196625392,0.8445806865822713,0.6762652530947602,0.6686016818967058,0.5893965761591587
1.1379632487073654,1.0343536473862978,0.9614022085122831,0.825280733491929,0.8208387186758808,0.6960593621102048
1.7743962332840315,1.5896123264696969,1.5383838700112744,1.4540486760117743,1.4521670052192563,1.3920483327788529
0.7798251970705594,0.664844867567149,0.6332111873307384,0.48667686757830986,0.481183331586195,0.43651691986888086
1.0500820947120366,0.9166202160609289,0.893806222321514,0.7603369533203995,0.7552787652155879,0.6969535927515131
0.9839706372064557,0.8516146474093919,0.8202584551823185,0.5830637870476247,0.57615236493381,0.4635501944356184
0.9863509373785853,0.8987549697634114,0.826417496017101,0.7126268074642739,0.7095073070403878,0.6031591732800528
0.8870686726714657,0.7134674321261733,0.7063224346795302,0.46498077616713485,0.4574708692431748,0.3821967370769763
0.9663849240912538,0.825140496607955,0.8021152201559023,0.6548478253123271,0.6478760230154333,0.5969059633646291
1.211491904244387,1.0527080569377465,1.000899418766036,0.9195075390997998,0.9187154081838012,0.9465758687513535
0.8376589521920215,0.6851757066670352,0.6690691624502537,0.5282633420446483,0.5227129809055477,0.4607054769267106
0.9352313936042795,0.8199743532796193,0.7820192640506544,0.6247354096815894,0.6189111499873021,0.5642067006692454
0.6137464234288809,0.5243840432972147,0.4994248812541783,0.3571849634723615,0.35242897977705534,0.32823347315841855
0.7540251753120417,0.6253963737870555,0.601728572345577,0.4687979308782053,0.46345709577986094,0.4622302051722479
0.9517851125200408,0.8652225187273748,0.8293943921649454,0.6952000901260219,0.6901263657660407,0.640815878645965
0.7822838217304289,0.6478219977816096,0.6238772133379007,0.4624783014576671,0.4570263255487691,0.43922473683232954
1.0312594944379767,0.8645239191691287,0.8600162910826586,0.6950114532078675,0.6892569725089944,0.6027761441236165
0.9118001271517034,0.7941430997392618,0.7545988697007078,0.6315488690118204,0.627436141036007,0.5864176884086661
1.065279443816719,0.9597124819738561,0.9214800649682271,0.7776423145445416,0.7718231161817678,0.7176957159213146
0.9668669495137898,0.8501769909266699,0.8188383831394714,0.6344755083363065,0.6267508854995814,0.5360723185899078
0.6890194351321641,0.5948808252826385,0.5810203041652333,0.3703279112022504,0.36330722977323926,0.2911509084154281
0.7334643709943081,0.6116453420178142,0.5982012645502537,0.3573130210711367,0.3486099662871138,0.28574603550259914
1.1861657420802358,1.0681408777396089,0.9927806265979956,0.8258853564829031,0.8200003229746777,0.7470167333595173
0.9655689770965337,0.7884538183790601,0.7525522346413509,0.6336303504898931,0.6295921246043233,0.5594536968897528
1.0814528573558775,0.9641028169411385,0.899599938131931,0.7582063601985168,0.7545347776180009,0.6936622222726966
0.8884123767300879,0.7744659132607714,0.766466562034329,0.5486424001541189,0.5414637261218844,0.4500712664642146
0.952032606161151,0.8314446166401401,0.7689627007014121,0.6930509917177292,0.6930168248475127,0.6510406334566735
1.149746743706805,1.04078342899777,0.9848569324544567,0.8496730096203188,0.8451392639112473,0.768646219172336
1.2677687865814997,1.1292554465316837,1.0683536646651461,0.95345062339665,0.9506436349694729,0.8837534515051049
0.9830159289580738,0.8678872580597848,0.8194429804108405,0.6553861023478282,0.6509551952219184,0.6188991419195474
0.9680750567384864,0.8537386115293213,0.814722445680397,0.6239378459719108,0.616593471313287,0.5221345920142157
1.0353837879069312,0.9245553172987142,0.8830063236220529,0.7066180093381472,0.7010905548901939,0.5881408449346407
0.8417754157556304,0.7226414340142269,0.694789307847214,0.5310129930485165,0.5253570087889654,0.46172207232884666
0.9803522198946818,0.8838714294733978,0.8343872457151769,0.6717037140361074,0.6662365403370629,0.5778538969610134
0.9563943825151203,0.8333641113652495,0.7762612913668296,0.666146652831184,0.6618484737643525,0.6078307430445815
1.0667434555141986,0.9096773752417872,0.8606709561414827,0.7054674682133864,0.699676217029989,0.6702693504507439
1.406725584859912,1.2750649036323378,1.190127387417525,1.0732170149448754,1.0726081405801144,1.020815800577906
1.3362573211824764,1.1966587789240548,1.1314066146029749,1.03337272222269,1.031538549146346,0.9372492624665723
1.2618645672363074,1.1256609534785205,1.073731158213389,0.9522369236657204,0.9460060183153549,0.8784628223083178
0.9386910004086986,0.8336919743469116,0.8025132313109027,0.6250039514604483,0.6182281387628947,0.5357931487036641
0.7582330668822287,0.6420748138167477,0.6006129165147621,0.45301257414221274,0.44769817478243923,0.3929718762906289
1.5961558629205803,1.430350992909792,1.3318899525050218,1.263922546475888,1.2657272563798474,1.2114050426642267
1.3112521358103841,1.1053071535419337,1.0407091483889466,0.9960605637840424,0.9946160547050525,0.9183471470630661
1.1283861805174036,0.9942360537152883,0.9371354841089564,0.8076120967205606,0.8021474036527868,0.724452922921167
0.8051776687743211,0.7207129577558714,0.6964071361471545,0.48277868475026475,0.4749403210435792,0.38201179376587724
0.9890473351369866,0.8527976668541773,0.8113277641350669,0.6959477985703443,0.6883172077991899,0.6025201622050042
1.040398282289358,0.92817438492487,0.8886045261442161,0.7340631551039896,0.7292644320072399,0.6377873472035521
0.9270964569054889,0.8017698937423141,0.7798095957866101,0.6084506800141971,0.6004082054855454,0.5128744080298071
1.3395639927698664,1.209319320821173,1.1559724641180136,1.0312856233000822,1.0259752414040295,0.9268822570925657
0.8660561080170088,0.7617074734313294,0.719461840926176,0.5428202026650957,0.538374992537639,0.46329803418801385
1.1273232730591756,0.9969944894560295,0.9738549688969612,,0.7976812435514905,0.7127587498667824
1.1328050974097228,1.0013402263302809,0.9657168237410375,0.8030216601505386,0.7971067508449101,0.6836984328097293
0.9577181327972583,0.8359038882212257,0.8125863231241455,0.6343868042462624,0.6286529194931562,0.5335400090148648
0.847056780432881,0.734194412084635,0.6845952002909897,0.4996792069090519,0.4921980950667453,0.40541719913313756
0.8506190333237934,0.7479945750045645,0.7113883380552336,0.5074341881227201,0.4983330625071464,0.42605907855504144
0.8553802994229849,0.6795083201520893,0.6559989370053467,0.5059251016617727,0.5011018326994771,0.46811340350910724
1.0711415273722549,0.9154797801371013,0.8630072542483811,0.726794504253477,0.7205975749932735,0.6537199955401407
0.9637658894608669,0.8232169970867677,0.8092010788559619,0.7013598838941035,0.6965070160984366,0.6766560515199449
0.9331661668194143,0.7949744524796913,0.7601760676864866,0.6058574536938695,0.6012060777867865,0.5916880245918837
1.4169851701510274,1.2439330779977227,1.184213641558018,1.0535170930403561,1.0508593831199695,0.9198213337486433
0.6970206111404325,0.5725373316710631,0.5600460173420049,0.38384796148266187,0.3776796551895981,0.28649329814124846
1.035990840003786,0.9216446049757239,0.8673389170207434,0.703478039556182,0.6992134142411103,0.6286960003185017
0.9828479457243646,0.8602156712376292,0.8105455541621952,0.6745893415185712,0.6695293023795307,0.5938208630433025
0.8971096452053011,0.7896762321621382,0.755974902780413,0.5859074178832604,0.5804784806165237,0.5419182433286875
1.1028641681618159,1.0093695555543365,0.9699333087546714,0.8010020253174467,0.7942398702624728,0.6689981955854601
0.7880490404184339,0.6285055561487933,0.6218697053312914,0.38652110300662146,0.3770179776435414,0.31873013824176943
1.060855808965628,0.945136255684071,0.8958702375277336,0.7802066476408652,0.7796162503220547,0.6854194626884195
1.1526506901907323,1.0546094358994769,1.0292926548592454,0.8826145599145307,0.8772399533510657,0.7416351387948839
1.2373965725244762,1.1230674139964143,1.0709941107393683,0.8837048837834651,0.8785779787856529,0.7830225024824237
0.7660061656339393,0.6266457812551625,0.6068212644076648,0.37518280281963967,0.36616012336192705,0.23606596038027472
1.2336176932070408,1.1079231973873838,1.040968422330182,0.945935373396335,0.9434076556949751,0.8171883457988448
1.0763984727661866,0.9674861932238167,0.9253497485829809,0.7123442434518205,0.707412603277584,0.5685426258485387
1.0526490556826322,0.9561541263855395,0.9076549672869394,0.765040174738249,0.7614130342528923,0.6674866127359295
1.0440836297054732,0.9114240276603692,0.8612843316138138,0.6933305568194845,0.6867961566964021,0.6092476028395707
0.7874136342866149,0.6823059917628969,0.665674363043187,0.4771327295007981,0.46898996655433633,0.3787304750496182
0.6250916165592064,0.5169965857470298,0.5047581970287122,0.30151838507167383,0.2918105672021708,0.2610642203178404
0.5497744383384882,0.4010626899374339,0.3787940897900879,0.24898916930715664,0.24111598157424396,0.24905181197339
1.4811903629339098,1.35156940563382,1.2824240624749499,1.161122474796298,1.1615052238699022,1.082430815361049
0.9837679356353414,0.7869208879386013,0.675144264142178,0.6549718704625613,0.6529500617786911,0.6949512855231572
1.3056334102901657,1.1574050582582243,1.0496277842172403,1.0162064614642596,1.0180859193605716,1.0060614332444517
1.0807208405653894,0.9607330679858437,0.9045812983193204,0.768353151808204,0.7648062850632615,0.7043422173977069
0.8250318437891726,0.7010789289770336,0.6629633624650657,0.5310214686484614,0.5251361169139223,0.4983390069175848
1.0541951846455282,0.9000939480990188,0.8609256757898821,0.6717923921405451,0.6660258333970018,0.5659383179509214
0.7905802823116259,0.6508746280161783,0.6263344705795991,0.4635029079640284,0.45843132792952646,0.4088222273290416
1.099912704200131,0.9866519088528255,0.9208447317951978,0.7714102651652829,0.766825792281682,0.6754254967464697
0.7636928995117218,0.6664835911424385,0.6463680454394178,0.45338337838577003,0.44820807845681054,0.364441132561626
0.7869366236196191,0.6831398767722123,0.6338082963786753,0.5237915587586411,0.5187912641133929,0.41896747346870067
0.9009385275644519,0.7250658169575509,0.7298978807317806,0.571147932043033,0.5650592787992136,0.48000868914665706
0.979847847214631,0.8328391297007999,0.807989100796853,0.6432172089719289,0.6382695783240364,0.6124197810257079
1.3627039618779078,1.2061540137423201,1.1464924215551728,1.0508768173632226,1.0468147529279292,1.0025275975958452
0.8836009831178424,0.7681594887054957,0.7492270868332369,0.5412055707006305,0.5351589502450523,0.5054433787513126
0.8578794313077632,0.7351742958690732,0.698585656309304,0.5438353498543742,0.5385280086485621,0.51454621156578
0.9506056516806947,0.8225788008335979,0.759888603054575,0.602806449062502,0.5966037935535258,0.5327008183775769
1.0779650901149016,0.9337376659087089,0.8677280322397544,0.7576864375990473,0.7541791195413243,0.7353592518479791
0.9659015859117763,0.8589961908818233,0.8118850772143145,0.6623646479208929,0.6562973558555456,0.5282516555063985
1.0663989870743766,0.9709581231100302,0.9395931254392647,0.8215916259819187,0.8181637656844257,0.7318228859307334
0.9103416759344556,0.7989453657723418,0.7766607587539941,0.5829426350944137,0.5746982782371213,0.4825032256843581
1.062832619487823,0.9399597133220704,0.8866774096323697,0.7253530196185608,0.721294042431516,0.6622659733621289
1.2419257848266285,1.0816331183990022,1.0354695972418226,0.9092331374063518,0.903396127906327,0.8443672471400905
0.8509139984033455,0.731120965582273,0.7184445594474265,0.5288144908171204,0.5220011439546639,0.46753636453163727
1.058749469288573,0.9472312838765493,0.919994951104256,0.733241914184399,0.7256758642334403,0.6268302134131157
0.7835615302641281,0.6585116028794153,0.634854934957488,0.4798595727331093,0.4735142351753818,0.42977261301474845
1.0411071027735024,0.9069172204777083,0.8547923396049055,0.709338284232497,0.7058011043213952,0.6375302937493178
1.3046006025824597,1.1265894918006305,1.0860244536463135,0.9217470727670971,0.9128777639875064,0.7392798847852292
1.2066687103941427,1.0592814157635737,1.020029631708359,0.9188474790551358,0.9161596843751669,0.8738356081764662
0.9943194907899701,0.8801287533785204,0.8477172337562464,0.6263184224192786,0.6183138027313463,0.5314650805892808
0.8416736249635519,0.7247072867810271,0.6893439599226987,0.4612929809628239,0.45180210189299386,0.3614189104624518
0.7939335757975121,0.6792240488954917,0.6345880424740808,0.5228954703747201,0.5200548001438516,0.5203051642276905
1.1309480098100813,0.9858464849385903,0.948393675197343,0.7979724245419396,0.7952632893414033,0.7313194568271765
1.4850366552585497,1.3210579662349138,1.2112031419588465,1.2151141600643558,1.2187382263998452,1.1216145494199852
0.9451440905341261,0.8207351233611571,0.7893699486290315,0.5958556683152723,0.5873717896367996,0.5269975401045519
1.1975792527954752,1.0056665776787874,0.9177435382056561,0.8523727604786769,0.8487199850195071,0.811654446023973
1.4138283472997222,1.2850307711591609,1.2041752591247257,1.0425642919553482,1.0386630194343192,0.9432406292632441
1.1873002313281806,1.0825643416823407,1.0163144973206912,0.8957366750346615,0.8923090297795193,0.8351805561839862
0.7528654340995146,0.6311854586305536,0.5939746952871715,0.3983791088859181,0.39059680753506765,0.307139803099424
1.1892968110506072,1.0851408034462304,1.021529778687886,0.8943974814001185,0.8915086250860638,0.7644897666129945
1.3998977797456569,1.2339479962604636,1.1701049971659436,1.0888293211531552,1.087013886667759,0.9849105875487996
1.0007482662564984,0.90894660518876,0.8969027846155266,0.7080252707651602,0.7025248890681001,0.6324394835312773
0.84729397996552,0.7679023705027126,0.7352112781636875,0.5632129827909413,0.5571977575074405,0.48009832406819664
1.189533971986254,1.086441854408516,1.029014001621762,0.8865774430772603,0.8806466800529926,0.7366943019268934
0.5631341607945566,0.44626339380404123,0.42886105385886014,0.22965029281704297,0.22171010577186556,0.20226848474520098
0.9709383249320604,0.8385746725701868,0.8097142474720579,0.636944209569356,0.6293105164913466,0.5542772971415373
0.9969142960007329,0.8674180047958424,0.8565686605369036,0.6518328979343261,0.6447800907617766,0.5784424023899041
1.169493265066625,1.0529519708022268,1.0087674456658875,0.8843204306434387,0.8790339610808307,0.816222428741243
0.9322996827842551,0.8478879239890298,0.8155849142099179,0.6154635627293477,0.6086643162062504,0.5231544632974728
0.8429684216697964,0.7009760288245706,0.6981478934712031,0.5061438451138511,0.4985288398618407,0.42425291037149904
0.6774509013576718,0.5605046058651191,0.5174571123996441,0.3697097420960862,0.3652225542285239,0.33383496116536215
0.8665668156791353,0.7464908902406321,0.7348915252017617,0.4997389309102558,0.4918475745599419,0.37416896001746436
0.7312271901671508,0.6845101500882136,0.6817432062384067,0.4276490640239484,0.4203307926569262,0.27263209620942686
0.7303139268476684,0.598397699849784,0.5787337186841005,0.3497771317689764,0.3406162446865295,0.2705111086287605
1.4130878309476356,1.2818035945011026,1.202430186827556,1.127744852142895,1.1266560922798237,1.0476422150319964
1.200328549933345,1.0484601140165584,1.0501000461540941,0.8451855916686615,0.8381956522729866,0.6943490682054375
1.2740034708608858,1.1611653464994398,1.0999109247510626,1.041906558550409,1.0409309429850317,0.912779580933433
0.9557454332991511,0.8625605304390311,0.790326432498019,0.6589796185759984,0.6547942915279997,0.576354491481208
0.9191794149626265,0.7581504808624241,0.7280016632133043,0.509396414352154,0.5021907180347244,0.4263831104717025
1.2718981098926578,1.1080374090972653,1.043231521881617,0.9917576316311886,0.9892916846677531,0.9434448770794039
0.8639510514806459,0.6909504430522354,0.6750362103934237,0.5470433688194852,0.5435733261613628,0.5439313798408015
1.384937792934375,1.1899343550661627,1.0891726872354242,0.9852340360251266,0.9885708701488768,0.9129360875482244
0.9482237850005084,0.7970498989304327,0.7654996049099801,0.6375781740516314,0.630388863447805,0.6296498806145617
0.9181836986965888,0.8084116812568093,0.7749445078647055,0.6099752212594121,0.604824085583017,0.5524067557816674
1.3112407430629156,1.1452523847400173,1.0674040722623435,0.9699891180908083,0.9677818221945367,0.9022145316845316
0.9359669849336048,0.8480437466384645,0.8231225999111789,0.6133252507277689,0.6050307361521445,0.5251159664026567
0.5609360502024999,0.4190969251957011,0.40755203363731607,0.22476674626464166,0.2177046025282091,0.20497533734872486
1.182989565997816,1.0319465720326164,0.9912400619405327,0.8630507716197829,0.8586008610443683,0.7988404730918285
1.0914011980269622,0.9387096061413103,0.9096138351938154,0.8066389647770332,0.8016463518564503,0.7055881016481542
1.0614420474841741,0.9310064467064778,0.8676359307736621,0.707566217935285,0.70343759077261,0.6488111576346005
1.2965235512068838,1.170868065330182,1.0832215855813947,1.0003611070336063,1.00083185789284,0.9473447318934183
1.3724493221477163,1.2579047782352573,1.1804113697920195,0.9999273631101443,0.9975787867500246,0.8707641727425854
0.8188911155131662,0.6892053869969705,0.6666778450835097,0.4568908264926941,0.4501340228746894,0.4021519461017429
1.054415375137854,0.977367905815089,0.9509843712540395,0.8141501699195571,0.8106735216003028,0.7450360180609121
1.267224399326273,1.1386706791795314,1.0975186398646954,0.9467199186168942,0.943497625958237,0.8546046049370232
0.717730716076247,0.5620928279496612,0.5501036716631679,0.34672210639403345,0.340321668309708,0.2844396109420637
1.4435374884012802,1.3026694399370364,1.2208136619344274,1.1493772149373602,1.14864771165277,1.0716593866250266
0.6682764470770995,0.5799652259400845,0.5634245725993476,0.2978887904155454,0.28790497177820074,0.18884882189025254
0.7991232480757897,0.659517136519183,0.6182996099553738,0.4962297111800148,0.4919849586337086,0.47644196829835916
1.0228685631786696,0.9466320450163045,0.879359225401259,0.7949058307164987,0.7948047124007068,0.7257549903707955
0.9522036086756704,0.833131185244269,0.7831653609965961,0.6231194342389677,0.6181171974639768,0.5607033039102718
0.9720413357369121,0.8770328143708919,0.8418012618356956,0.6844364255431211,0.6790748411070955,0.5943119494165342
1.1413008660217623,0.9991987511172405,0.9374469504299408,0.8423593826467448,0.842594514973613,0.8270663749104343
0.9233407304162015,0.7761135999429003,0.7183571626949847,0.5503309214513452,0.5472817600459929,0.4911195847640937
0.9536249559759815,0.8654760396863572,0.8197451294580904,0.6900325653351453,0.6848054562985245,0.5915157765642065
0.7218909433379455,0.6060471991046817,0.5761880728856908,0.35088031915990836,0.3420172033352,0.2545145342809023
1.0091995020798616,0.8893178256165495,0.8337831338594284,0.7049939157707267,0.7008558217027311,0.5969465653257651
0.8843757506579529,0.77927215720733,0.7591762255687569,0.48608931773483977,0.4787774100176905,0.34027169231509014
1.2550417045397344,1.1067506843626043,1.0430847820382818,0.9442830583707842,0.9414131891406909,0.8913663965635756
1.2076898660273,1.073353748603989,1.0040051909028043,0.9095062774964272,0.9067529772804578,0.8370272858672242
0.7588578238057594,0.662739274029885,0.6149403454078124,0.500967690392128,0.4962276112074784,0.49407622829647546
1.0872679523187596,0.9646906510264128,0.8958264855775444,0.7499131440190008,0.7464803469924508,0.6498981794226709
1.010406123217827,0.907334243361812,0.8669666436812692,0.6869794394049383,0.6810837987758112,0.6050807876131971
1.0172417886514808,0.8806722954273685,0.8407912808241675,0.6735754139167179,0.6670273202935184,0.5888203913634102
1.19875661936034,1.078323432892893,1.0124805319434058,0.9361703811436651,0.9354777327990728,0.8961500381644419
0.8792881520788633,0.7397181844165552,0.73119609413525,0.5209813785278309,0.5148613184666798,0.4534079689035486
0.7918919027242608,0.6530340451608142,0.6364011365939309,0.3938857522401714,0.38501847902020636,0.29213800939686807
0.8699475530850656,0.7580422664483797,0.6986393024331216,0.5663781689107104,0.5618682687923581,0.5182051735726199
0.9727500071540549,0.8345939813991423,0.7943751433976698,0.6606577950194067,0.6558833885290611,0.5851019881773962
0.8693066509271046,0.7375498000714791,0.7090792773126681,0.5893713698842552,0.5840160185317024,0.5688829417598518
1.026476526399398,0.8956523270970105,0.8717984694453612,0.7169402154647383,0.708493640993123,0.6037009682126626
1.2162318973489565,1.114499625887729,1.0633013293817783,0.9163528426305397,0.9114579069754123,0.8314546605188841
0.960169090998861,0.8269863806459143,0.7973686590026253,0.5994025519853879,0.5922586233986166,0.47889513864490807
0.8956795796238436,0.7180325369401848,0.7114373666432628,0.5723397833988282,0.5674835697790678,0.5080933319852513
1.0610996054710622,0.9589532034825461,0.9154536374382167,0.7648610300525567,0.7615634025045334,0.6975124898403408
1.0477744105443352,0.9243855427560084,0.8482996924455642,0.7969350839794389,0.7971010429626681,0.7814607715187554
0.8313377866586608,0.7232837773436825,0.7106510308662277,0.5421057635952297,0.5343247988489438,0.45651699978987803
1.0611822318773312,0.9132121714400744,0.863675242249791,0.6965924656352317,0.6889774877977455,0.5977252139177319
0.9107317790131113,0.7905920213526396,0.7552655368767756,0.5631279852341963,0.5579140313953608,0.47604078631075075
1.2922689334633881,1.1503730965199728,1.0592891369112807,0.9592718109090821,0.960412500050345,0.8994077891999268
0.8450939247204191,0.7305594350050285,0.7092133119416717,0.5202678640330122,0.5111595517366901,0.4516993431144033
1.2010914026136195,1.0701277434524277,1.0300283241439754,0.8563664045645831,0.8517060493236098,0.7307159801813912
1.1799738889805416,1.0671443108665706,1.0349598684618064,0.8787446423027228,0.8733442955646873,0.8095086963424406
0.9554474393533408,0.8397353653414232,0.8237257421201567,0.6333051345703277,0.6256196779782766,0.5120931269354855
1.0195872784313653,0.9260581093941401,0.888548957168217,0.7302721733192373,0.7247914467270056,0.6598152538259149
0.8367077301715476,0.7312137531516858,0.702192692398761,0.5266368715697737,0.5207007597812785,0.4574023586117162
0.8703909297924691,0.7460437819092834,0.6913715748400734,0.6137670241516915,0.6112589584017548,0.6185400065768374
0.8434086343747736,0.7263243343504596,0.6899797285424929,0.5216288046215865,0.5155009575093554,0.44371913150903153
0.8378892355403516,0.7310246882462286,0.6756624053129421,0.5274889009809903,0.5240184415835469,0.46710592133684015
1.0913954792320595,0.9627161316709731,0.9396917421632309,0.8040829647809432,0.7994991161694124,0.7384623219976719
1.164500356391495,1.0517058185345396,0.9385994135403152,0.8095650477076042,0.8075920376069269,0.6170636076366689
0.5350331753371678,0.41686834968887265,0.3992611959515601,0.20998514958084757,0.20211579175670447,0.19077758675243928
1.4443797007088193,1.2865788846740802,1.2539271477651344,1.1419645609564681,1.1365111626954971,1.002815065936316
1.009119580813563,0.8847996910402737,0.8311160481622065,0.6986843692857131,0.7008731787509792,0.6265826477341511
0.7362714831008028,0.6226416488152309,0.5850399237242554,0.4156148400363634,0.4087720695737793,0.36367491124987505
0.697039274990921,0.5848735558195467,0.5730971005216997,0.3758293824243192,0.3697819777143879,0.35010816550251755
0.8949175559001845,0.7741358820672237,0.7024547668191455,0.5821978615072343,0.5789257922402891,0.5685583869378753
1.0057168051523688,0.8363521462972556,0.7716351979195276,0.6595335862735326,0.6560014337980273,0.6550014459518072
0.5659997803335155,0.49086893896092576,0.4793242962963541,0.28531641760123694,0.2784484572367052,0.21077095538409152
0.7300186422491548,0.642701739672992,0.6271802332061678,0.40347704365794934,0.39615268992213626,0.33999760761216036
0.6746838911643305,0.5679388504430989,0.5576840514900152,0.34835989372575726,0.3391434039255071,0.28249146119155044
0.8394964383583174,0.7615167809163855,0.7359557327894672,0.5109441964688056,0.5019732897904843,0.3404391771247729
0.8178981103622183,0.7128086439936836,0.6973450820035045,0.568408506618109,0.5625185432472108,0.528461580400491
0.8854302468326039,0.8046370949781414,0.7580654830884896,0.607045104240741,0.6024261015126716,0.5181335927373248
1.3279034066321855,1.1632378518784985,1.060863640970144,0.9659847614348078,0.9628197071663672,0.8489231573335211
0.9390478188733269,0.8211883505624809,0.765884893987185,0.6016578248741963,0.5960814137257794,0.5360859785140365
0.8772252183076783,0.7169672174589226,0.6905098141517976,0.5595978881809022,0.5536944420116738,0.5223754228654269
1.0788995862111188,0.9680014137611443,0.9438818910664972,0.7462327899268727,0.7394306080032166,0.6345197158275596
1.260619058995724,1.1537822893588783,1.0843617132077568,0.9070252220833,0.9046153506394087,0.7560491302034561
1.0211566139331454,0.90007721130193,0.8656576877653258,0.6294379526525424,0.619719970972775,0.4953689038411705
1.1618052248571236,1.0463206734912118,0.9814443737312429,0.8316963139875437,0.8272156839566804,0.7241278903164841
1.2657077865970474,1.121654256956135,1.0585958158749151,0.9157169877138233,0.9120211055665745,0.8575854111480248
0.8760199743333821,0.7562209044143661,0.7126261877336382,0.5679998225846618,0.5648550319851234,0.5523769205150753
0.7354654550786374,0.5568310159253245,0.5413708687250326,0.3575629606292394,0.35039364026906616,0.29599762829557896
1.4220153932859882,1.2783523109030273,1.2306289572403513,1.080728134537942,1.0777282134910116,1.0107856324030609
1.1923228619571744,1.0509689956176116,0.9995353925857188,0.8517349223341986,0.84475418532422,0.7786062087803503
1.1484250640297744,1.0120328641915919,0.9180357585672516,0.8130668316915197,0.8127119826448079,0.7424115867435853
0.7877551082196621,0.652498502290278,0.6338429781548824,0.4388569024433582,0.43100374378289685,0.3722436291437423
0.7670298778090372,0.6436395975357443,0.62750688838565,0.41468919399228965,0.40813538999203647,0.3619832333629539
0.9960567271151627,0.8498102978475207,0.8092328522477333,0.6307203979021319,0.6254139146510244,0.5610287938553736
0.8473457187154634,0.7701078107480651,0.7746510290986743,0.6258520527373459,0.6224761017499979,0.5595170652470814
1.2769560382088985,1.132763475684488,1.0914275791759005,,0.945744479841899,0.7910095396950539
1.2955905193682589,1.1604631665248908,1.0987982379767343,0.9918141028681857,0.9890417365045058,0.9600806768808711
1.0007695730239705,0.8720222300664151,0.7960420819702905,0.7079434937185929,0.7065620823982259,0.7007772141180412
1.0658509164922707,0.9521993884682449,0.9045880324761495,0.7732616600660709,0.768245928393983,0.717635437222278
1.0816079864659431,0.9122399650508852,0.902201740390914,0.7752269750729902,0.7694999771215518,0.7421909110592041
0.7828006021576293,0.6283271260868009,0.6142399808829586,0.4443355517134989,0.4365743180263787,0.3762599004203132
1.2620247546000471,1.111251140312342,1.074330651535778,0.9072962486727543,0.8984821599539258,0.8073685633596938
1.4056544966433477,1.268930021658983,1.1787055271639688,1.0714891787797367,1.0703604417936952,0.9850064271694225
1.103311667355667,0.9550965332680713,0.8673425714342473,0.7618863439427843,0.7582543656755218,0.6917982301741223
0.6402311246998029,0.5257331057389527,0.49665884142019057,0.2662222325921213,0.25669395694136166,0.21161385802740174
1.1245853720125158,0.9896295615884703,0.9511093638467263,0.7910934030072883,0.7850703976926467,0.732682506749107
1.4395343693760911,1.298208053672194,1.1960517968103572,1.1272331392810275,1.1315835150972888,1.1037441017721323
1.2146604332383801,1.0775391566126147,1.038972766094886,0.8892817908230634,0.8843452762727676,0.7566387166960773
1.1598228476728962,1.0348171050195618,0.9904968051592309,0.8190324656833615,0.8167207918283615,0.7247013064481037
0.9931685819872893,0.8621758306743749,0.8223359263945907,0.6456841452389094,0.6391249912605943,0.5627663143867689
1.012349789115961,0.8563228221366522,0.854513695083516,0.764801881294171,0.760253628675579,0.7142776703484552
0.8417692523017517,0.7197317399553725,0.7000993277193401,0.5546429773979802,0.5498078043754799,0.5184363062902756
1.1351821366067376,1.010634352701277,0.9344942921301546,0.7893385776046807,0.7841722602024358,0.6927289007955033
0.9516588056893618,0.8580064815062747,0.8259284278817822,0.6323719231320682,0.6252397710862821,0.5292689012020345
1.0456589605805617,0.9038201032496256,0.8764127996326956,0.723365802274435,0.7162160038854312,0.6244435877866542
0.8670346158842754,0.7565399140450474,0.7327889381891227,0.49900154226298754,0.4896397742331342,0.4089485855604421
1.0752919677201762,0.9932455358796312,0.9244576246509694,0.7634160777817752,0.7582476922155689,0.6690042529650821
0.5936368108389787,0.4830175575915441,0.46347486491629897,0.23051832590985133,0.22159533000730747,0.12322742412309406
1.0795545693205524,0.9328449811327284,0.8994188935373433,0.7636001831973699,0.759984877555626,0.7353928125544485
0.7525185764689039,0.6398418288011397,0.6095517190403182,0.46638642090814775,0.4619431374467926,0.4564433824576807
0.9825703858539846,0.8748605578163651,0.8138641704807799,0.6678085658056727,0.6618090542548769,0.5793242321513603
0.8182738264053804,0.7028208019776802,0.6775677987785408,0.493906690895915,0.4875238366067405,0.443339177335613
1.204430969266697,1.0815756339499174,1.0218050436300192,0.8860286098925496,0.8817341528172996,0.7805813358282293
1.3651997705529746,1.2580865112777906,1.1834567180503295,1.018911252224065,1.0148063919675738,0.8967640100169461
1.5240665958510966,1.3820153049482211,1.3320219000122862,1.197198898708495,1.1947221688695078,1.134096016706088
0.8092602568322904,0.674513751970609,0.659102298860147,0.4390809097611079,0.430691092442099,0.36147487411228796
0.5334907388292174,0.42471757983405317,0.40533028688737605,0.25152031499082417,0.24745454051868487,0.2253191770878894
0.9806128691182752,0.8720608313057376,0.819161622026727,0.6555838859657299,0.649410907953321,0.5828887108187502
0.6951267911074805,0.5529241842937094,0.5370983798071379,0.3471352916363828,0.34106991547907917,0.29843097443938504
0.9196479765072345,0.8041030201398045,0.773638561700254,0.5341099558293391,0.5247813803394,0.4217559337551401
0.8144068957207439,0.7074466861671059,0.6995653244101925,0.5049761207005456,0.4957283500752966,0.41263357361041153
0.9755592368624983,0.8422358782822503,0.7993885237677011,0.6552382216165966,0.6494558908747772,0.5882573638401992
1.2540099546069623,1.103558452664321,1.0642252436507587,0.8668681457880631,0.860220681513764,0.7550184562873423
0.9987158521581716,0.8708396742434892,0.8024604359973607,0.7038269334626898,0.6998110244612207,0.6007760634643513
0.7671630435702568,0.6494957954567313,0.6368792532854906,0.41301404155248056,0.4038644884510191,0.34275469946363724
1.1552919196539546,1.0267668173297062,0.9343092471929404,0.870104237598607,0.8688698790495866,0.7895054669242125
0.9736593754008877,0.8603764665768872,0.7943110480770431,0.6743180165207923,0.6690736387228579,0.5648150041113701
0.6317116031371555,0.5543092186787733,0.5419248640986164,0.3197029322502314,0.3114434828750149,0.23013387219990122
1.3353766796011624,1.2144998678404675,1.15611234350938,1.0049725900982,1.0002015099865436,0.9187893662400398
1.3084261040543956,1.1878977785094114,1.1345525480629122,0.9720686370205168,0.9658528738566298,0.8637174044673119
0.8984878589720999,0.7320460833671136,0.6722373029393117,0.5834118936647139,0.5817684101020214,0.5734034592844331
1.1242012483280512,1.0075996030181502,0.977303471898849,0.7752121165237019,0.7668975258976057,0.6443723329921655
0.9160162016088645,0.852619730589629,0.8173175087079503,0.5954573639710046,0.5871118704654936,0.44277319818883654
1.0877986660056767,0.963253502489356,0.9072831999247483,0.7527336587579728,0.7471976341639278,0.676084838424067
0.8589656032849189,0.7356964840519593,0.7090171432265637,0.4668453498895171,0.4570157519069611,0.3659270640579524
0.9719754173826091,0.858280567913073,0.8053576484875341,0.627948962047105,0.6199913154935709,0.5505837516598412
1.1387427711598623,1.0215153317926338,0.9852361061193565,0.8197202154037998,0.812611969137383,0.7364459548939603
1.207007300488659,1.0765900400597632,1.0188386473735747,0.8501651323149296,0.8460313568338466,0.7748581907151422
1.3555203777431029,1.202558580199408,1.158370351049609,1.0262350592999412,1.0256633519586198,0.9164442150587889
0.7717953416159851,0.6572575727711425,0.5943362146905127,0.4767954155021582,0.47330864880010926,0.40191419162210984
1.306348601696191,1.1837603557755108,1.1161984887119423,0.9594626630678553,0.9534773675415067,0.7900387835191005
0.709183757219531,0.6077414407806271,0.5886923948302086,0.3955479066583899,0.3882668749164129,0.35202712642501865
1.150395389743761,1.0163674974835868,0.9648925160742652,0.8719397373935371,0.8697435236967056,0.8345655349862281
1.136569392496108,0.9678466145176671,0.9164671118572149,0.7561349548155297,0.7510886739171764,0.6834397640234752
1.3944326593786072,1.2702822866366055,1.2221906713568056,1.0887513627444334,1.0847279655129531,1.0090167395693488
0.8985126585346792,0.799275160914402,0.7688204351261336,0.5710814262651693,0.5629430611398428,0.5089625224463072
1.344601643213325,1.1860238484308043,1.091635944808514,1.032936689543015,1.0336496395076926,1.0470022197624154
0.9176955158013029,0.8084240423315351,0.7522859855519325,0.6097322955864716,0.6059131598288396,0.5595494060082302
1.047722746633792,0.9169590088303528,0.8752864817662036,0.7231737349722943,0.7164120921940607,0.6543446839185524
1.3232323663363417,1.2081654556774828,1.1575984064788851,0.9530825231559158,0.9462748918494764,0.9040478864066662
1.0242434561010847,0.8767389449421702,0.8412645106911922,0.6862254810422772,0.6793558974390544,0.6051863920595155
1.2167692464792212,1.0895713055776433,1.0265885114634954,0.8721425838501322,0.8677237519620691,0.7979328491138913
1.019417445076287,0.8622541463223732,0.8291174223531662,0.700554088105822,0.6984545090030362,0.675854782178955
1.160964950318815,1.0418532829931273,0.9623870232073498,0.8389806759188952,0.837240475241474,0.7585877515599878
0.910815688519666,0.8232084225110288,0.7761915547324201,0.6293304258935174,0.6242654683373233,0.5091175253583022
0.8597147623432921,0.7470293048650898,0.7279218609282544,0.5694794471229268,0.5631431610343741,0.49522600264845773
1.2754366250933717,1.1278680375851335,1.0823545034356348,0.9445235141251389,0.9404327265876558,0.8755557508524064
1.1492184301457118,1.0061000640099798,0.9407559652522016,0.7678541694358577,0.7628408967867508,0.7262544030534019
0.9563709388099192,0.8631324813105674,0.8232776742920203,0.6320779053675479,0.625687741151811,0.5337349832552204
1.0388778705647608,0.8955249882854621,0.8432960031227449,0.6910914956681878,0.68705222019358,0.6298098900166865
1.0797913126140501,0.9618076665659532,0.9314411427008076,0.8091767638665158,0.8049421368615747,0.7014264895518998
1.1775228093456236,1.0264821982335532,0.9878725964085575,0.9446512181596121,0.9436857540313673,0.9636455986768053
0.8585074171250264,0.7363193246174506,0.7170043030056302,0.5442021973856355,0.5362057770889057,0.45429452367983403
0.8567297175717257,0.7428682497878604,0.7229151900443406,0.5122383488216898,0.5044296786586598,0.41235173336898556
0.9846619296402028,0.9134864070138149,0.8735347817983607,0.6984577120750057,0.6937624731676184,0.5806244998539071
1.1326619767654873,0.9818531227465676,0.9691952693231467,0.8538784568134409,0.8490584420913238,0.8422372076388303
0.746756115700018,0.6377669405533861,0.6110244371485165,0.44020195064461554,0.4336202588108441,0.3809348264209028
1.2760385028735999,1.1283706780450042,1.0357836922988524,0.9631685458494588,0.9623266222281556,0.8778058671010047
0.8807745678928361,0.7699727434077288,0.7323615169811577,0.5618155770793423,0.556992929997375,0.5173430939659499
1.176351607625677,1.0862341052165159,1.0337470721569202,0.8825292284575404,0.8787742707537562,0.7565627818686507
0.8017064066791744,0.6934157376288113,0.6713899648155883,0.5263351367921654,0.5198073066816503,0.47159592577202336
0.9158423388563,0.7901295075427938,0.7584050711087512,0.6162391589151398,0.6102405598616549,0.5248385550801491
0.895203912203468,0.7819268207528842,0.7517035308094997,0.5667704767672895,0.5604962862362964,0.4786631502370494
1.2263672473896483,1.106923563771179,1.0245363279778523,0.9465164529148156,0.9460111844008608,0.9059379604279102
1.1021382790837666,0.9828598626852092,0.9359673754287845,0.794636673225606,0.7889638477598488,0.7312509812592769
1.0213182667493532,0.8452177184333698,0.768814107197442,0.6892637727070872,0.686854017341844,0.6067899386703522
0.5181786412856298,0.37527043466484367,0.3893343191860204,0.16623729720286506,0.15971555994775732,0.1402527732869746
1.1522876526050725,1.0206062606574082,0.9460541173405499,0.8080479387384046,0.8053361941424126,0.7557465048769888
1.099317805090931,0.9748010484549993,0.9366768096173637,0.7395081448062959,0.7301982616322816,0.5834014805460388
1.2105557534652693,1.0878548841046178,1.02451470131708,0.9382112438374202,0.9367073631926126,0.870403474177464
1.192950804577477,1.0524077917907297,1.0118093022041355,0.8225256810166197,0.814074539275292,0.7098136790693932
0.7744448422457544,0.6674587493473068,0.6405949768055499,0.42878930081108,0.4206676689752421,0.36037572193549494
0.821221160730578,0.7114801974576176,0.7053490370010038,0.5107652632220798,0.5041298863606666,0.3997829907003342
1.0074096557328005,0.8646974275125898,0.8144497849165454,0.6632813964857125,0.6612966749775475,0.6218552227380185
0.7792780393229601,0.6586332246946476,0.6329366142521864,0.48079857514659474,0.4758350645646553,0.4315106612083123
0.6987776841919705,0.5676450058090817,0.5510866582254048,0.39488353392168096,0.3888177852511886,0.3626598766709258
1.1592322919675422,1.0533549562527358,0.9810824985548242,0.8491829592307878,0.8457901299094782,0.7471180363764768
0.47926476253821565,0.4188316002847634,0.4013957521850917,0.2380704786320238,0.2321455538650794,0.213062725871633
1.1324094781176166,0.9953913837285557,0.9601064792205163,0.7705616223010252,0.7628517042997283,0.6771130211474636
0.9439735758303411,0.8386576423497676,0.7862918077532639,0.6583074196110974,0.6541545488324978,0.5486018908111326
1.0368464202716445,0.8968823016521034,0.8728192533243475,0.6949851901180316,0.6873615198417807,0.610438040725822
0.8798262876755103,0.7545508035421582,0.6864179345429715,0.5911045831550933,0.5892255864318957,0.5823733141491366
0.744225506931188,0.6190973052655986,0.6180203273962546,0.41266010762202865,0.4061509391827913,0.3509408878135879
0.9356182087676493,0.8099640291722698,0.788623819825663,0.6065899447204095,0.5993401713143642,0.5226377070012739
0.7204243530142674,0.6059739682501941,0.5793137056933572,0.40744594508831466,0.4013030071063738,0.3922687200844963
1.8360224490588297,1.6409402536478566,1.5429637312012945,1.4738855145745762,1.4753075896027164,1.3918389987945439
0.9056334612114436,0.7806254186088106,0.7329677526341168,0.5697188433041649,0.5630083359943534,0.5115786858270036
0.8438847203363997,0.6915518170187731,0.6419455981453015,0.5221129771855012,0.517924894214668,0.4881902234958335
0.5022697980013369,0.3828394952904571,0.38640533138391614,0.16750525248710435,0.15885323308018684,0.11861542998549235
0.7919817473769435,0.6929760425233895,0.658865739597519,0.49271215607853147,0.4873778401272564,0.424468325422244
0.8599991546289114,0.716509146391452,0.6939538366252174,,0.47413060471641233,0.42192476570550685
1.1421727181887869,1.034418381212589,0.9838579490427946,0.879857727842246,0.877784751263361,0.8342323115266019
0.938422955050922,0.7800921791191444,0.7577101327103117,0.5212127236361717,0.5109419290106155,0.4176110150485206
1.200446314721359,1.1076453866107832,1.0637924817176336,0.919874625813234,0.9153066692241664,0.8416061938408494
1.3094170800500406,1.169047239121247,1.118039370086286,0.9937509895163965,0.9917760623524936,0.9352750127227899
0.5242359741156524,0.43535248751649513,0.43378307520897863,0.2056844457169612,0.196048591804606,0.14579897489443505
0.8074514238588223,0.6840126530340436,0.661262821247851,0.511676612194894,0.5063813303459933,0.44908406384014277
1.016927454398584,0.8927065213797942,0.8490898453347775,0.7099805908228904,0.7049488672033674,0.6276848795229707
0.7296941881357666,0.6172734935162204,0.6030900790027153,0.403352666854053,0.39623687818096187,0.2903255258509625
1.2565140335956766,1.1238074234096807,1.076514368377412,0.8909028649110241,0.8863907484568887,0.8161682860300506
0.6261516238467377,0.5079583672739654,0.4853070998425168,0.3355446911664204,0.329225440352816,0.3119631753778688
1.0755023568622077,0.9617102434461278,0.8980689383751342,0.7965811468565259,0.7925229067714832,0.7341627034057049
1.256082982399837,1.125939520662119,1.0889150676970725,,0.9347362741147163,0.8053522804525638
0.762643388268698,0.6290329967006096,0.5917333575768564,0.43972459947843734,0.43436676617969894,0.4104334909204328
1.3514115799575472,1.235785567604226,1.1669480941958292,1.053941370975712,1.0519243198062997,0.9656984743345024
0.9183172324162399,0.7748533732661951,0.7435778515926623,0.568737949901151,0.5626526872832377,0.4963175282599561
1.3139788498286904,1.139344949830241,1.069612426472749,0.9367264289133949,0.9348084336520608,0.8564597558909003
0.8257132812727364,0.6911209096915529,0.6575811876151207,0.4704677771993556,0.46304632061961215,0.40012331184549155
0.835293332800649,0.7229653415671192,0.7047756175160185,0.5113273890607556,0.5037936009875206,0.45313277700411947
1.2678174334783332,1.086956446256947,0.9927029861072436,0.8776029229073737,0.8739223628935006,0.8261880716740203
1.3405013441484395,1.2332593888121037,1.179383240469619,1.010915735357111,1.0045678376246083,0.854864019400205
1.061880163412372,0.975293071408452,0.9416643772213318,0.8045718512895479,0.7993260513117041,0.6787608012012555
1.1364836863045351,0.9906146056497218,0.9490745589952574,0.8835159637511983,0.8814445040936664,0.8677276775684171
1.1051396911860354,0.998295885554433,0.9280468452477949,0.8108913874320005,0.8087073563255326,0.723283256081774
1.0983793509943731,0.979552993005508,0.918584697175118,0.7916966567331716,0.7868203851271027,0.7217950224098045
1.227623470890318,1.1227688058161163,1.0653364816602688,0.9353404846239839,0.9315024455565808,0.8370172093805477
0.6430207131947521,0.4849432683339481,0.4892707864018585,0.23343557746142807,0.22406681755265034,0.16888554353989238
0.7856919088863548,0.6538868138780647,0.6294385068276556,0.453254584993548,0.4472319871013367,0.40825622731856304
0.8873386689609737,0.7624080333758644,0.7191588155689579,0.5532431846772936,0.5473340357628782,0.48604644825155086
0.9919640776726049,0.8730326342218107,0.8337294593514933,0.6500359466459833,0.641982887940281,0.5575210599327064
1.0255498502413307,0.9091521955724549,0.8638637260564097,0.7260472956987427,0.7209560555833926,0.6565413466757135
1.0463077694936276,0.9410322400290134,0.900884782216167,0.6888043842490428,0.6822911461277901,0.5942168592370218
0.7917760285213122,0.6675324034538338,0.6498395837320436,0.42139773949613457,0.4119879114373691,0.3384508308815717
0.8892355372198881,0.762637230044948,0.716833805599667,0.5828855813418018,0.5804451828530167,0.5407524050811017
1.0260181471934775,0.8979086978567605,0.8293380275024673,0.7261452467490744,0.7250651759090421,0.6809804930772511
0.6005493902250902,0.5038136300064652,0.4992358147905142,0.3145166475459731,0.3084101321229995,0.24637892007901463
0.7362314552385649,0.6380352356340003,0.6093374804386433,0.4122453842096755,0.40286436993311503,0.33494168822560844
1.4484602210940385,1.2883469574311104,1.2274425359629135,1.1647759231430426,1.1626634910918152,1.09225498098923
0.9918108772887569,0.9002466874685213,0.8507301885980854,0.6659204484723076,0.6575674329671061,0.5989165811567598
1.543149192249511,1.4026690307835294,1.3115399874231808,1.2196920911770945,1.2206130383539153,1.1434435410814445
1.4136153432335985,1.282810613070691,1.2410502159301346,1.0985798299091274,1.0946421635095145,1.0159113079102504
0.8161360558768825,0.6996905785145916,0.6672707402473268,0.5041436081307514,0.49839105963699615,0.44094498829094886
1.0160419256295234,0.9199272846219171,0.8916807869979224,0.7323826811246072,0.7245956435571654,0.6485714028393873
1.2234230269756297,1.0941383298085932,1.0330872625777403,0.897845332055481,0.8951747543404223,0.7897626277495268
1.2845797721602585,1.1595061491838283,1.0998063108168288,0.9446987179651575,0.9387238286575166,0.7808999787303765
1.013221043380295,0.8762313140351552,0.8709192379823902,0.6711298919094134,0.6622678578036866,0.5582333010923807
1.1784876078704456,1.0588209903904353,1.0117347995551236,0.8964022229180849,0.8943817803565469,0.8601375329416855
1.0361237514198227,0.9525370687333485,0.9074728224050339,0.7227166032455218,0.7174830065953731,0.6238456271399916
1.0344006334368876,0.9118780455246697,0.8391088967955895,0.7042857172683936,0.7012229471737688,0.6288352748577622
0.845766965967826,0.7519116987108388,0.7017479172290549,0.5392658002730185,0.5342248815232435,0.4538530954174873
1.0419138659314644,0.9031686135665962,0.8465179601583542,0.6904910379666424,0.6880193480495602,0.5991635096389384
1.325888499647735,1.1200789722736428,1.0593284467678545,0.9716826860283818,0.9673306110332128,0.9431923246335937
0.9308913239673562,0.8060207295114654,0.7701908765925128,0.6352385465941016,0.6288881475481454,0.5829415415688304
0.85188452440356,0.7267326760886794,0.6940487680128189,0.533793218253439,0.5284672729052984,0.5307648682537475
1.2165731048888446,1.0238577247170244,0.9832222788298258,0.8957847288612955,0.8905755603829995,0.8632603537135263
1.3171452217123072,1.1884517467128428,1.1251340341974188,1.0184271297925411,1.0141431036341122,0.9012928319812088
1.311186034204947,1.1755232858173847,1.1202073406816182,1.051272202208884,1.0497077481897046,0.9921606644645398
0.9412868405710026,0.8045075398461008,0.7727608607410464,0.6208376797991028,0.6153682774865956,0.5755108897213143
1.3061364127809971,1.1605275681496745,1.1104507966261248,0.9654064080603035,0.9571687453201223,0.8644605883821797
1.1940452511439958,1.0567405150669682,0.9917229126460543,0.8849655605541235,0.8785933782084427,0.8308165596115183
1.3340043458190551,1.1992415354757435,1.1602656663226074,1.0251669251472848,1.0203653705828113,0.9083027450343082
1.5118907944108915,1.369592707108763,1.3110168611494735,1.209410994306409,1.2073556475252705,1.1517280578142408
1.163312820612699,1.041057789989374,0.965350358057556,0.8121974646566277,0.8067438005385148,0.7156612336288442
0.9642692125944341,0.8594914488258873,0.8133876339745651,0.6590639272582781,0.6558421532114417,0.5893179076815946
1.0487480338913966,0.9461131688383985,0.9243744018500353,0.7610024891601519,0.7554964086988895,0.6595105182687849
0.5587388393968973,0.49560962062291414,0.49460292869126093,0.25919338273542813,0.2512248569073815,0.1641799683947045
0.9127541957863345,0.7888044132281719,0.7518241264045347,0.5421733627863636,0.5338911583383227,0.4590529465196391
0.785449089104484,0.6702467919626939,0.6333203773914571,0.4694986127541484,0.46350679082598245,0.40093635745496037
0.9501151262003005,0.8485563320999061,0.8028087260523228,0.6448559466430112,0.6408654156070858,0.5678365506821925
0.9302437062609719,0.7774901938766349,0.7376171571278598,0.6127448712203261,0.6067519345022564,0.5651064323160101
0.7981234344346133,0.6727634887263098,0.6510269806360975,0.4434732825233636,0.4340549438171727,0.3540295476224725
0.8864539420201598,0.772501505801902,0.7253322738569697,0.5710072187961689,0.5655553020085973,0.5171663708140831
0.7359396588249216,0.6054267935184873,0.5929607308003338,0.3731518504810437,0.3644538349905374,0.30475740788244265
1.0732133387782512,0.9670278463907924,0.9168621103523648,0.7536311911901071,0.7452326426584406,0.6620346213530245
1.2261021359823407,1.1103939087279815,1.0309209628899507,0.9069307279742034,0.9045308952448227,0.8563391844191354
0.8595478733974138,0.7343229930484725,0.7153955524827067,0.5185472397189487,0.5121597852388111,0.4544649253074462
1.2911179005798687,1.146726124576321,1.0930319542580884,0.8888261075740306,0.8868829698737424,0.7838838476828947
0.9154506267861116,0.8037752285804761,0.769488227806122,0.6123244394385079,0.605526566646178,0.5616748542105692
1.3010607276383859,1.1361964870245744,1.031314521522606,0.9900896445219808,0.991480221768872,0.9844992492465683
0.8741681637199298,0.7564245377339844,0.7223708015957062,0.579770798216038,0.5746180877348948,0.5132011737840638
0.8424472808972602,0.7171669270109644,0.6771076077410942,0.5365942100122583,0.5321295553539824,0.5042944972728663
0.8859874133577423,0.763220029398045,0.733349673592649,0.554823521162463,0.5501181781458238,0.5028549678837647
1.1569851109954883,1.0137399493754415,0.9462729508271565,0.8036500732228583,0.8003303024096748,0.7807081950740029
1.1144567463535282,0.9395759263160106,0.906316518473995,0.6802231139608896,0.6730567596804272,0.5480633368821205
1.3588317149517075,1.162477581649457,1.0860768893765318,1.0288476525619035,1.0266663492760393,0.9766844636837112
0.992322090206313,0.8812020161352447,0.8352833902726,0.6548943078999266,0.6490687252861743,0.5874552908188395
1.5017164448018376,1.3561951079749013,1.3103853668143797,1.2072208961562862,1.2052791946685044,1.1079994853637443
1.0833761737568528,0.9558690058199386,0.9364535456593672,0.7387528343454535,0.7303020218067835,
0.9876402151612006,0.8477691077615794,0.8159998209469703,0.6347936090019431,0.6291602586569575,0.5381988553434686
1.287131816181794,1.1274109168264634,1.0554191021189072,0.9139965001191183,0.910459407293584,0.8552195923968068
0.5359303050326077,0.44780464484704596,0.4156788791578808,0.2474999941020073,0.24038117153061844,0.19238578099064518
1.071638619615564,0.9326414440145878,0.8715199443147331,0.7626806776136759,0.7597461087965812,0.703647481341382
1.1562734359573428,1.0136544113552133,0.9886441806839289,0.8076587435944832,0.8024192549026062,0.6839466373127066
1.0345209571029217,0.9159273015756647,0.8640417360941814,0.6878326242564416,0.6822426390502002,0.6102570271961991
0.8482975480970626,0.7415695748457889,0.6995700553937091,0.559683954258145,0.5547532524594956,0.48619395853695735
1.1619581709455287,1.0268140944139077,0.9667988348841736,0.8557415695937312,0.8530088733021256,0.8003924008279681
1.1633509320393087,1.0503609231972972,1.0043528991029058,0.8705189911634793,0.8712850147969566,0.8080744419855377
1.194240928484796,1.0537504666634314,1.0244171590594449,0.8699262726623255,0.8643009171847256,0.7525949879280805
1.081564074710064,0.9793355587590244,0.9342883309486534,0.8015852853456551,0.7981030856583907,0.7476708550590505
1.1532877083860822,1.0078543046582507,0.9447390550600285,0.7914525915387999,0.7858285806145824,0.7364650961574827
1.2464278739398802,1.1196467142984936,1.0296507849114696,0.9781547758368921,0.9778555229196335,0.9162677190312433
0.8544260362350447,0.6975605427563816,0.6755689546123341,0.4859590198289656,0.47848933104898395,0.45721277528939386
1.2767614139248358,1.143826493033139,1.0754622099709792,0.9467173800752846,0.9457027943196338,0.8503824578845124
0.7262161538170606,0.6209292201557988,0.5891724054095986,0.4230111128230072,0.4175186580165312,0.3788000823649328
0.9238281351495855,0.7958052811925493,0.759976856961196,0.6070645022313201,0.6021011327800412,0.5402974369393304
0.9574425800295715,0.8664679676507323,0.8291220115122473,0.672762933571807,0.6670063352301198,0.5909021188572877
1.3541876752117892,1.22726665115713,1.1468816729719642,1.072471642320278,1.0721707199026596,1.026138331129847
0.9572855674214567,0.8228124014840316,0.8060189683517331,0.6671131977511459,0.6603589203574151,0.5599219011539253
1.410379081208502,1.259370255830181,1.2107733796991804,1.1525313015728815,1.1506734958517273,1.1135113349389436
0.7850266476447976,0.6778415053734868,0.6312355359796376,0.49940723214406013,0.49625755822092976,0.4702258470816729
1.0042763097174696,0.8485376268133237,0.8279837739760965,0.5776250970736878,0.5702601267960687,0.4415922100152806
0.6351317058448365,0.5421408050516232,0.5270173659753952,0.342644018027891,0.33529991500536716,0.3077464254701886
1.1481964429281093,0.9509399669102051,0.9255245203694219,0.8593819731669824,0.8557435445894898,0.8280273387951871
1.0554421602014947,0.9425612521769748,0.8634961740984325,0.7570674099067864,0.7549250111907914,0.693752209542388
1.2743128755558322,1.1145292520408807,1.0508864413409973,0.9307367086582893,0.9275795195609011,0.9024358560309428
0.9879444857813966,0.8692227505250953,0.8385064992038287,0.709044484683086,0.7034854219123202,0.6246031673903614
1.1290065304530998,0.9761409989639442,0.949873498936039,0.8494041338182987,0.845831315328428,0.7619992803479068
1.1318678909198852,1.0172288775431948,0.9310159311867968,0.8831711518835209,0.884128645751964,0.8552486132006007
0.7859060018799205,0.6476888260430821,0.6395484225865677,0.44038761214053923,0.4326198623506309,0.3823342294940798
1.0256567095579205,0.8974131121324008,0.8634457198479137,0.669454965437152,0.6638553304660596,0.6211642320043774
0.9536492577892937,0.8222360938658025,0.76881896774713,0.6264733870735494,0.6219686762447395,0.5636174361410855
0.7463667960064062,0.6149755623093249,0.5992413055918413,0.39910845095606984,0.39121775202050557,0.36806384902571865
0.6963012430123325,0.594238442018332,0.5623231940742061,0.41086136488253044,0.4051774687360632,0.31054709172731476
1.2274886155284817,1.1029389505092309,1.0363211550461133,0.9293322639658982,0.9273932130658858,0.8733421909976039
0.8279707129306648,0.721668028661806,0.7142766930867961,0.5786266842226954,0.5728840110184719,0.5317201126464016
1.3340959266347516,1.2040827903657991,1.0887549293832581,0.9986504787402953,0.9970402538610298,0.8761947223296571
1.2131158616669435,1.0412119620136806,0.9504979291833413,0.8843353847300061,0.878979456497279,0.7820862429364795
1.080182251935342,0.9546016710441313,0.9100525252350162,0.7373634408295071,0.7311012342847559,0.6363783389098812
1.0456389774950192,0.9107592485866562,0.8897455708412728,0.7450818094110212,0.7407010307808602,0.6702585306651773
1.0731258306911025,0.8743287003808307,0.8520694004281665,0.6969546444569737,0.6892852135573537,0.6033394877746254
1.2756497319267526,1.1421975628797223,1.0679529230336922,0.980788671455584,0.9797423043546404,0.9271469712978455
1.0722958016855642,0.9746548119300897,0.9309632939860553,0.7903751874210884,0.7836675722730001,0.7125792499165153
1.3721811664730845,1.2301960286495963,1.1825651076016754,1.0755830555363506,1.0729684803999766,0.9856208105782124
1.2323552159440718,1.1241550120850063,1.0573803207346986,0.9260965885711822,0.9237400726434771,0.7735189142353417
0.9700001437271248,0.8378720424298982,0.7809007975747535,0.6349903514163945,0.6304371142761245,0.5404097856836649
0.6492266788271475,0.49825347090805866,0.47756534090663383,0.2897998268022808,0.2856068684519171,0.228888281121009
0.92114952332308,0.7793296888095901,0.749197502740612,0.5812553512558293,0.5747654243934675,0.5225408980126919
1.4083936101020698,1.3514574327044697,1.295603581855953,1.0633498038009979,1.0572077559619575,0.9358812464128498
1.0280607941586817,0.9090461336862488,0.858550194313404,,0.6850382730984395,0.5602472837172731
0.9324237275461069,0.7993505103918922,0.7459849068571949,0.6370377079133231,0.6311230178541505,0.6024899146560827
1.1407990357327824,1.0518772203329667,0.9909704648849211,0.8292978219574475,0.8263223783489231,0.7071614307041947
1.5582705370543495,1.3817276203202948,1.3421531051717328,1.2576180896273002,1.2547516888610704,1.0998555640290981
1.1315386654372086,1.016850926359079,0.9832753507925761,0.8123451413047825,0.8070209756047932,0.717092108949798
1.1031591209114902,0.9636083147289576,0.8660038984998538,0.7660241929803645,0.7636813847821822,0.6937584337280219
1.1939239856872974,1.049434842547789,0.9851592664544385,0.8469973110057842,0.8433437814020721,0.7948832222240936
1.4409105699388327,1.2694293926696556,1.1660363172346613,1.0288609460400777,1.0289450739850736,0.8976151223985716
1.1115463963734846,0.9462193246035203,0.900777947478637,0.7271054076934774,0.7235353776609024,0.6253933051664643
0.6120752263598047,0.4943653420076744,0.5028759445239677,0.21511999054513287,0.20568411210541382,0.14661425554475616
1.4351422632443014,1.303569551333933,1.2395655156878103,1.128840953052649,1.1251935065109357,1.0344258608461936
1.0135656117490939,0.9174384547617296,0.8779853074168544,0.7194762053436679,0.7154676306031372,0.6637286428160319
1.0854252473901802,0.9533291978658267,0.9192394129731599,0.7719908381448936,0.7667169616808318,0.700487669862006
1.1157432144213109,0.9955056536539126,0.9567806830728692,0.7793589446520083,0.7714447720758705,0.6631576535945767
1.2067374296867883,1.0294248069010865,0.9357692553940827,0.851308892062467,0.8493266036294344,0.7987921725774912
0.9099788197132663,0.8104581190009772,0.7463396094170417,0.5595867104749823,0.5521312986132825,0.5015624951805597
1.2428447156159736,1.0671297728687859,0.9929288152408933,0.876687355916018,0.8741742663737666,0.7532843655317888
1.0186248356255392,0.9112452880763675,0.8660044555746831,0.6762582554380724,0.6683609380879024,0.5146876454175602
1.3347773155712674,1.2200666043843789,1.154448009603648,1.007643341012514,1.0034758151468055,0.8626989414255424
0.7636305906414754,0.6699356944660925,0.6363331691300171,0.4594746883304641,0.45321298722754455,0.37738345127800144
0.9910982940393629,0.8691608643016905,0.8287564088293854,0.6745083506902464,0.6685281760440165,0.6080799037950485
1.2305090115157675,1.0825520692280983,1.0479841668743684,0.9551883290064976,0.9535251295974333,0.9161839612503517
0.9516354204079531,0.8593670966171129,0.8146727669726035,0.5934660779484412,0.584801541835217,0.4647746822298775
0.6460912557285641,0.508873579298234,0.5063725775109559,0.29224802387206994,0.2842912842461617,0.25345795274609373
0.878632093344363,0.7579796308910516,0.7079045080105584,0.5481462427975354,0.5433267071332845,0.47662153876125013
1.0222144644844315,0.8885726220305583,0.8415002202473475,0.6334522613189831,0.6248431034585951,0.5331067119468622
1.0676761468908882,0.9500663936741371,0.9193642839120302,0.7400542976794471,0.7329558373424205,0.6311366838011342
1.5673919272073689,1.3685980944618985,1.2951704801157131,1.2605470724823795,1.265295719934647,1.1745157625103246
1.2554448628337216,1.134575599731721,1.0807817349598339,0.9224907220552925,0.9187103258506485,0.8353632135671814
1.0584112863108364,0.9326683213747397,0.8772328320027509,0.7532428439987875,0.7496547955693234,0.6703169496460489
0.9559614011545594,0.8343570808261789,0.7859194009372693,0.6591664994987779,0.6547160513053587,0.6239030652441301
0.5116115900636464,0.36971756836079495,0.3656130569428795,0.18539137836772057,0.1775057836961692,0.17852023440744091
0.9701712475807387,0.8485830576785249,0.8438212843544376,0.6622526983594486,0.6558405971188693,0.5025899154591185
1.1953817168894572,1.0642643702382293,0.990676786280586,0.8568448216613891,0.8536887680196587,0.811505594436959
0.8372086764983357,0.7129863656733857,0.6901387362242615,0.5016554928504714,0.4944497775176617,0.4285385753394668
1.120196918310679,0.9972642565181947,0.9597546129762897,0.7626443739916565,0.7535899381179162,0.6460198114493554
0.6490574920366343,0.5607394955863343,0.5473991311906117,0.3363971982995585,0.32956672948691046,0.24214519867047635
0.9393787194761815,0.7596422118015771,0.7394018219741888,0.5525215574870365,0.5467181569771477,0.39483663712689154
1.0697113049467193,0.9800789356962605,0.918331255251051,0.7677767144387542,0.7648128392966093,0.6974177463986242
1.0450468524747236,0.9161990812481704,0.853103531398111,0.7104738109354753,0.7062506787119851,0.6255671628046204
1.0811412942900183,0.9218720349415136,0.903136553010974,0.7293419171869114,0.7226330064574656,0.6346216799698775
0.790661686585023,0.6928358381745523,0.6698825603802264,0.49683880436046657,0.4900092641931384,0.4435896860212355
0.7940235720663589,0.6790356024366184,0.647554175119528,0.48916950502717793,0.48331830690965827,0.4509500799055993
1.1651244550217321,1.0316377187605663,0.9952310971680451,0.8946602079538006,0.8932669365975583,0.698754278139569
0.6565155754631696,0.5890746122794257,0.5676772600713375,0.3987194435393151,0.3923990612338838,0.3621003614567737
0.5936001481546305,0.49587585216657865,0.4744200464374393,0.3102679801513947,0.30364503846014124,0.2952824492568098
0.9435083123419485,0.8190806719355267,0.787417383620636,0.627257551835537,0.6205802445958735,0.5775024147553883
0.9098505827513559,0.8143589790934197,0.7814987508941253,0.6364567695266818,0.6311296559465708,0.5839093282939508
1.1629375706411027,1.035837434421269,0.9895120126719216,0.8257999636185342,0.8185753028619047,0.7345815710638689
0.8038446787297335,0.665555675622924,0.6406575742705607,0.44630774354496816,0.437422506063744,0.3186118874795192
0.8394376768235521,0.7326253999530175,0.7057048791007048,0.5291114282316458,0.5221476104394516,0.4291635970940608
0.8037916663548378,0.6958636307046797,0.6479755787581369,0.5116583518975083,0.5062557692219948,0.46934481322304766
0.7231584554590956,0.6255999899550141,0.5866074229766838,0.4352116172481417,0.4305291020400217,0.38926727397394645
1.087419079314426,0.9736917302089896,0.9512624442171781,0.7620998117389006,0.7550015745650028,0.6641240482005075
0.8136173713718963,0.7150263595135637,0.6902030237464885,0.47618484539759187,0.46817155085431816,0.3641302299780489
1.269904027111417,1.1036861769877258,1.0622243685519943,0.9610225276702076,0.9554536971463281,0.8921386894594723
0.741894374418159,0.6283931176606313,0.6052334175972427,0.4275930111555899,0.42021501576758824,0.3847226825394682
1.0925385452428418,0.9559548233346596,0.914488196350092,0.8019351345013471,0.7943597771822294,0.6773384003045214
0.8328705471804303,0.6958955508342352,0.6843133920708595,0.484132290754561,0.47565176068380854,0.42029097273874283
0.7832613754574023,0.6505365920216806,0.6517989252077933,0.4374973422630295,0.42865073542833354,0.3218518722504148
0.38504492656814043,0.27443685324754896,0.28104363913215485,0.08498251963139125,0.07980493593179794,0.05137910656880362
1.2573855351596868,1.1057640851973796,1.0487114842360201,0.9415103456779024,0.9372280463105493,0.8908170643086661
0.7172960571602789,0.6107081383889761,0.6057311307727034,0.39126787788266737,0.38197293635441254,0.31126383877334873
1.1159230855581332,1.0002501554140928,0.978941381063132,0.7627225891156908,0.7554280284090509,0.6836268789784489
0.9298897607828209,0.8316605381698632,0.791291094744479,0.6466267955426611,0.6414338537020854,0.5626379299958886
0.8410314382506388,0.7295099350793806,0.6996560711364429,0.520270957381039,0.5134672244363818,0.4485121668769442
0.8011752603328381,0.6721329023606862,0.6388500579882491,0.4884355107002627,0.4818849950612817,0.3998774910844405
1.1753045479115485,1.0287101010311122,1.0131774868027594,0.8478021964255501,0.8416551529003559,0.7415865562295261
1.079135312918332,0.9058644075076596,0.8450585652030901,0.7106876264624044,0.7084898313097415,0.6956442912910158
1.0480208306406182,0.9418611071639988,0.9111907912936676,0.7584840003904809,0.7526071743200317,0.675783885296586
1.0544075428122262,0.9426649844115564,0.8818245554185159,0.7398855589407097,0.7354381131290619,0.6284233477598152
1.2914190016683662,1.1553339703718384,1.1060666675839572,0.9165065884545655,0.9094909300624819,0.7893274527772646
1.234478485905094,1.0776512518648105,0.993089413857889,0.8548658589761743,0.8504129399770052,0.7739059337838274
1.1419071900941804,0.9797000506763605,0.9066499558405998,0.7481431235277488,0.7447177715382532,0.6821701069864021
1.2253895644312724,1.1378171150634186,1.0933988543737265,0.9709490014808834,0.9680110097706979,0.8835012299368165
1.1059548266663117,1.0147128822669742,0.9656864918312597,0.8305005590252765,0.8264709743146142,0.737962065420292
0.965883249622185,0.8661447152987614,0.8134532857582172,0.6608779379031117,0.6574127973668413,0.5954945047485217
0.8373967889912892,0.7175689187199317,0.687130197170533,0.5051279830316441,0.5027203236850892,0.42773393840759877
0.8573894634967296,0.7773365978586915,0.7332361647210991,0.5783652745114015,0.574140139876428,0.49883744447602807
0.916755282665731,0.8205665132557844,0.7789255742213709,0.5914023634498999,0.5833521239603456,0.4669163873272135
1.0628060986953227,0.9291973161568288,0.889562961329093,0.747448296276452,0.7410131068867325,0.6626023157599998
0.784696823161199,0.6890363779539495,0.6622409486949026,0.4880957296952463,0.48210285962043864,0.4298387639621779
0.902406378179424,0.7539615254849088,0.7431776842760008,0.6091707614864278,0.6042132365898912,0.5607759952725548
0.8667624136089808,0.7571054465446185,0.7188443413858941,0.5374963241420756,0.5292406188627627,0.43235384344460304
0.7722499170872752,0.6477802274538222,0.6088532260803932,0.4728634772054452,0.4678499984275214,0.4511427003596331
1.158263413056673,1.0561053760694543,1.001008198522529,0.8325965925199592,0.8284306991087573,0.7433790095438698
1.0854962972597528,0.9701926870406923,0.9353476658733619,0.8793548961506921,0.8776603598380005,0.8667536281179892
0.7059244420572662,0.6179076770417229,0.5882230543206715,0.39611742892408774,0.3893119465953271,0.31958162190940886
1.344264536764594,1.2546199152004247,1.1766693397380041,1.0484337778293336,1.047096747613229,0.9494989919847033
1.124513802275601,1.0077555789483619,0.9467367808005034,0.7988534591095122,0.7948581779232862,0.7131354547034032
0.9580515137681979,0.8610142289069446,0.7937666460268987,0.6432293072916504,0.6376529457631627,0.5527207661602805
0.6534714642617593,0.50840168132923,0.503690570157591,0.3325503547428592,0.3241006389858634,0.26915906431434633
1.2197645620835393,1.075343652369241,1.0362230185692989,0.8586698180955615,0.8509603811589277,0.7234743482524619
0.8689435389692013,0.7490538433550791,0.7298995352483746,0.5349653174340285,0.5286444420016909,0.4403353893860604
1.261180773522858,1.1241940872776028,1.0643788942313568,0.9797698527412437,0.9794778934109715,0.9318498011407118
1.1229169650086412,0.988403410122526,0.9208177344801908,0.8034055987685723,0.7997181495475235,0.7132258466822566
0.5065074294477012,0.3811899523633754,0.40364873971843535,0.2162416558653707,0.20631035739075787,0.1488217544506777
0.9397147888907562,0.7939709006243175,0.7770531406583484,0.6067960993848787,0.5987337144242708,0.5257156632354789
0.9093424521502269,0.8025319397275994,0.7569966650394181,0.5698719955578456,0.565224464098222,0.4878277523760576
1.297112760052106,1.1692123673591222,1.0885100653509951,1.0220174348641824,1.0258770999988325,1.0034188851241386
0.8707150010016184,0.7378851282556891,0.6830856147289281,0.5484208907848908,0.5444091610583262,0.5351964046810707
1.1566730961785336,0.9774178938240828,0.9738426247198524,0.8902863366270998,0.8854816082994651,0.8222042206209229
0.9549375785644549,0.8555431837861478,0.802151721117025,0.6963743136321809,0.6931523879798495,0.6150198318248993
1.202263052399103,1.0576473451800266,0.9618629435574134,0.8495575643287419,0.8481939060913071,0.7459198279267962
0.7319399143191969,0.616331140545211,0.600352268796488,0.3574664967064678,0.3481189079919287,0.2625538496951869
0.9016742754567806,0.7421424646477464,0.7288741747521269,0.5439061122776051,0.538418994677777,0.4863507382201576
0.9638004734535008,0.8260558663343702,0.7999324106846485,0.6619258909692379,0.6611315779042497,0.5598001182170815
1.4503138444711223,1.2905661292607487,1.235220682772066,1.1848303571913696,1.1840309160420226,1.1565362975741889
1.4931222751256843,1.3278250082883538,1.2559896396944785,1.1682598848826757,1.1660260676579024,1.118574360549013
1.0741452808946133,0.9227833107300579,0.866741939372678,0.7276438568595343,0.7219994574130129,0.6689346278030922
0.8818952597648675,0.7799504661292296,0.7374263355659134,0.574444001652642,0.5687486109489672,0.5008725806756842
0.8656557741879796,0.7777069866194841,0.7625126719839834,0.5434404296783788,0.5360246450560243,0.4532257774875299
0.8368649354027653,0.6915350752824746,0.6724336537029812,0.5150562440392632,0.5078262059004848,0.47798944721916636
1.216803650507277,1.0928177973592548,1.0515709812562986,0.9048633251593634,0.9007597086928834,0.8020847166885638
0.7217446458937381,0.6153127471278079,0.6050788874224629,0.4147739554553961,0.4083348489798647,0.35511112357111685
0.5593672908758431,0.4471938480277213,0.4246660301851911,0.26259135221676566,0.25754508084276007,0.22934319783401114
1.0158112150718068,0.8801615735575679,0.8332357082631149,0.7196525021840449,0.7163528254474469,0.6391693716709667
0.8183326499378223,0.7615232586655435,0.7418203694581147,0.4794548736179647,0.47020778616327796,0.3033725536408719
0.6604180458118801,0.5565732265888061,0.5031023460948789,0.3341135342456588,0.32815481220881004,0.29092795147394523
1.0243670149848718,0.9148542328351763,0.8624647861229258,0.6833384806705989,0.6768486289379753,0.5773608209883181
1.2346296874601528,1.0715973431240722,0.9793819516379512,0.903661650625635,0.900450584481532,0.8435620191077172
1.052412571804487,0.9712463123222654,0.9235848672470952,0.7221063656414837,0.7155731908526665,0.5973107678987108
1.1952623910568032,1.0681690563869393,1.018243855007108,0.9161926528445605,0.9122321370464669,0.8722469828588124
1.0234863852840128,0.9107207610100664,0.8766444501617123,0.7124228738211648,0.7055486535401644,0.6314572785863491
0.7024474123411812,0.5969189481525534,0.5922848468861753,0.35909244265192364,0.350372993425104,0.22946484295519143
0.8025533461690088,0.6820537094817454,0.6287088708099597,0.505379621239462,0.5018498739464343,0.459500497309843
1.032280053197841,0.9066883392476686,0.8544401083514648,0.7210111036281773,0.7169595088750353,0.6436706604761373
1.1590397418437122,1.0373033453839127,1.0160858553317693,0.8429544561046465,0.8375394851026783,0.7247943787688227
1.1199610644660607,1.0231834238852744,0.9700709435215096,0.8291309452268205,0.8246388544220722,0.6818688402819627
0.8325426296262661,0.7335078737054637,0.7066860831790409,0.5664150473299967,0.5644384243486086,0.5333954795998995
0.9325583478112753,0.8354012589495377,0.7864709798054366,0.6431699092608628,0.6389215950346429,0.5545568682193028
0.6548614901285734,0.524874221190645,0.49847230196927206,0.30167569990248067,0.29280113288104437,0.24727880972301042
1.6565073634934975,1.4945934023037255,1.365352142260183,1.2564000447900512,1.2576357015655937,1.155780725119219
0.91188789573856,0.7886716990747742,0.7339885126710811,0.6190024634051351,0.6137043641240207,0.5491050114973988
1.0000335071459885,0.8735563659343115,0.8209139557168981,0.6978416625865129,0.6929645035777522,0.6395286808385829
1.1217481418348807,1.000676441936832,0.9336701968842192,0.802771110124059,0.7969977811142651,0.6881957143756815
1.0229447498684427,0.8503211555322582,0.8024650561901465,0.6663857539459794,0.6624522113847886,0.6643200976365833
0.9456899874534836,0.8196846611611898,0.7507391017818831,0.6250993795517791,0.6212184606816252,0.592118082996039
0.6313508991580775,0.5163765605936586,0.4996088186190784,0.32623090500144414,0.3199300939564699,0.2859290071477123
0.7698565960979162,0.6628304924568036,0.6330265999636423,0.48992750161760024,0.4848098796379461,0.4287024191554577
1.1131827839406592,0.9280659214883136,0.8741899500564033,0.6561070838241929,0.6471584235964828,0.5686951949923554
1.1672923791889938,1.0324578678679153,0.9781114939727488,0.8164859113671653,0.8127692290373983,0.7319414990244671
0.810801954613078,0.7001188491714919,0.6775941112190529,0.4859811752348746,0.47815308692362957,0.4266836770201017
0.8641876747630055,0.746140330188734,0.6763837159981061,0.5397386300689881,0.533416410931707,0.5003225503986557
0.8301065184388463,0.744316061525411,0.7108386835917491,0.5437488329493814,0.5370858235751493,0.43916750360688517
1.0930553434051855,0.9747949795070514,0.8958533156667015,0.7618518909305557,0.7595798442428487,0.6729592542797234
1.2848974223751852,1.1491627476553807,1.091400497719837,0.9013711985167995,0.8962835711682098,0.7593777555233104
0.9165549898614543,0.8024676987155892,0.7514925153782892,0.6012925854265604,0.596372243265477,0.5443564949359704
1.0730531874381888,0.9348799116530795,0.8648629546069574,0.7791277077511276,0.7768152762488869,0.7339555190833821
0.8484477151204852,0.7150467359873196,0.6648235465471694,0.5200754043026783,0.5158801073856317,0.4968368862095731
0.6145754780212707,0.5316122988248582,0.5173681172557985,0.28210690448203146,0.27360994323879273,0.21572160305193722
0.5954733536008097,0.45825205424328974,0.45620855969982055,0.23861002592839708,0.22943682063989912,0.1452350059237536
0.8624814550039287,0.747242873865271,0.6922327631522949,0.5949409272060373,0.5932490913265607,0.59180546662878
1.0593001242362385,0.9452614515957272,0.903231511720376,0.7573855160841318,0.7536309249463607,0.7013727715613157
1.103388495716563,1.0041487362857215,0.9397354588954335,0.8046581445828558,0.8013111052351061,0.7328379763585735
1.3403903165263071,1.2061026481595134,1.1323785823396575,1.022914526443843,1.0211897983205847,0.9719555795040454
1.0980757459818702,0.9866021740576978,0.942168408343655,0.7936553597194914,0.7893755084641317,0.6975234748944844
0.8740076291301635,0.7498303835872521,0.7054968921646669,0.5277326565713963,0.5225429271925472,0.46220277087219597
0.844698077117334,0.706770107744787,0.6705400229028603,0.5411735755982079,0.5368256646953996,0.5222584034736709
1.0091195711728136,0.8992393692544347,0.8799758867282894,0.7089391985604813,0.7023223240532287,0.5623861466730823
0.945123020649163,0.7900013304951754,0.7499392967892821,0.6144456892680347,0.6087940365428773,0.6079788912186026
0.7958567409314261,0.7077203334348554,0.6704851422297523,0.5143779118562797,0.5085099309395484,0.4385127571672821
0.8723200625862398,0.7557201757182845,0.6965319006818356,0.5712712332899916,0.5673628208336821,0.5202926195136959
0.6624975179115236,0.5444215159117768,0.5267334077558983,0.35115132915044234,0.34496990150676854,0.33826101966611477
0.9299108329887458,0.8234228976148026,0.7867235281643595,0.6190339670077337,0.6137107831226366,0.5471416964812474
0.9922349687593293,0.8568599711093938,0.8045227383651432,0.6362846408825737,0.6319099601594135,0.5415822185146757
0.8215894642605124,0.7048243349714367,0.6788521828581671,0.4839772588276382,0.47622047803651124,0.39490388997123504
1.143149610306933,1.0128171981034853,0.9741041635427832,0.7936887812627128,0.7851512569197017,0.6829352394662052
0.9496606337770335,0.8457502400090036,0.8112979456737608,0.6546812244572267,0.6491698750093254,0.5576244106737557
1.2555434335237754,1.133727798173686,1.0778866090089456,0.9393161173920569,0.935327040146325,0.7998308199826568
1.3267797419166087,1.1827126978141609,1.1480929692461181,1.0583307454352604,1.0535835207690694,0.8631552608048862
0.9452602267675748,0.8363203610880215,0.790950306110357,0.6240948049628425,0.6177294962200616,0.5275692927196379
0.8447992670859401,0.6977756625310931,0.6753990081411733,0.5225296810253837,0.5141186442358344,0.4141977870058976
0.9636637951445888,0.8536470047141916,0.7927624402866427,0.6096106083055687,0.6043087537635607,0.5191981051494357
1.0511826863779885,0.8925028743158584,0.8963338372603439,0.6503204284980136,0.6407908828159214,0.5258161535081086
0.9175835699845192,0.8038909306475877,0.7830955303751168,0.6155931695110569,0.609449048655276,0.5566569189113709
1.1221939430088772,0.9993713038944023,0.9315373599733258,0.7524088134377463,0.7463904773805601,0.6029613588521687
1.0155488681618925,0.8795771948190119,0.8143464115048624,0.6854760258176045,0.6809328881013751,0.6443090354226672
0.9499291910147636,0.8436705126233865,0.8102263657395317,0.6267243560598776,0.6204222027879779,0.5357507188595816
0.9118440375182306,0.742964381170854,0.6699664124735598,0.6727548156993574,0.6714355388508376,0.7061594644434405
0.9938894054875659,0.8660328351373892,0.8349771451407394,0.6943383882410488,0.6883172284891629,0.6170307630739701
0.9347521628016315,0.7796073250585099,0.7708232935546341,0.5789035619432975,0.5706516774392084,0.4803339919455518
1.2584465325574106,1.1284267115740008,1.069138453250357,0.9705562422441798,0.9664093584863365,0.9071641380895521
1.1340669333251814,0.9929125752342363,0.9527202685102343,0.8107686129675763,0.8048083525623684,0.7086600893544066
0.7852615771291124,0.7039844389143435,0.6812586950065571,0.5249968185920993,0.5199567835345251,0.4770288009586986
0.4899774433123093,0.3671609979971958,0.3901566796845786,0.16696549551226736,0.1585277327594974,0.10039564224645281
1.1287750883817789,0.9569134598063448,0.9205647045151586,0.7920052894747472,0.7864056133470169,0.7042410152820024
1.3446132011912897,1.2180275011090242,1.1578204067883981,1.0168796963265887,1.0113030059783976,0.8216663095401447
0.8379073061627711,0.7115066562620358,0.6544221395415202,0.4934883504071099,0.4869408889851815,0.43490505274672253
1.6341932504529704,1.4886557684726642,1.3960049579634477,1.3152460271281161,1.3168135142892798,1.2648868764648964
0.8579192863536884,0.7124849722911878,0.6953777826195571,0.517215271364444,0.5120865950196328,0.47992780746417685
1.1510533675693986,1.0201895277253028,0.9666461617605854,0.8310940848295907,0.8265407987716036,0.7216605939403464
1.3666264310462712,1.21110595144951,1.1425414062790038,0.9433831902213804,0.9351435265444749,0.7948088099566832
0.6832225450130717,0.5831434441496304,0.5422635832981569,0.3756548198903248,0.3708707907094263,0.31592658238773064
1.0665084392212854,0.9353769738690569,0.866265558271265,0.7871151499845371,0.7853782589087427,0.7553973733443978
0.7075914392863111,0.5872607412161446,0.542596860085386,0.38560054838365154,0.38040866893592673,0.3735076029082359
0.696108937004952,0.586479331325857,0.5740069002974433,0.3791182456191099,0.3712657324354054,0.3335238145933348
0.8799429482907595,0.756592295793015,0.7374767918150628,0.5775007351840922,0.5715755245830562,0.5055238700244922
1.5962733675318526,1.4317115738472546,1.3654594228863228,1.278902410932938,1.2774959320082155,1.2183766668071896
1.064532586327714,0.9538045675574516,0.9398477440956756,0.756570885579939,0.7538008554759201,0.6486499587210798
0.7559406365789125,0.6555913429849136,0.6107338455995883,0.49571876694682226,0.49176665502567896,0.45247541422799575
1.0514028779890623,0.9147524892230159,0.8547382417359399,0.7165355964030555,0.7126424230769561,0.6703703314704809
1.0336140763630235,0.8417864219929365,0.7612385457167397,0.7045945991868058,0.7029470337534858,0.7154521872622198
1.6771078243836832,1.503936017342022,1.405129562190839,1.3242523874443122,1.3254853891009644,1.276897132892946
1.1384407112541939,1.0390562233115925,0.9791425455575478,0.8332248685723744,0.8298205682702164,0.7008914375037921
0.9153907752538408,0.8076146341108379,0.7797739017824754,0.6347695154085358,0.6296656087755441,0.5369150306150771
0.9792754094345429,0.8538451245747514,0.8262702228015709,0.6412870187953569,0.6338784913563508,0.5555351808670642
1.3103440508285789,1.1430892738935092,1.0910970813092682,1.0368111890852865,1.037254896141242,0.9043850981707285
1.0751140962504397,0.9412928503411123,0.9020852589295374,0.7412540716541827,0.7380661463423017,0.7118986466593041
1.1429720582490956,1.0312859561153218,0.954181150625749,0.8473421699986322,0.8458758694934291,0.7523402246275134
0.811464159399724,0.7047005311384297,0.6347207753665122,0.5449438192665472,0.5393635320867924,0.4989742154684831
1.0712087075599728,0.9569258945593367,0.8910521453683793,0.7647479561379218,0.7608819104464903,0.6949661751117586
1.0325028019299085,0.8161637787627436,0.7638581134661454,0.6777527513284566,0.6743948643813851,0.6702658747054089
0.9157786408451714,0.8112143820507094,0.7706571887987358,0.6370871246422961,0.631176686252645,0.55602032777268
0.8519381306045545,0.746656121419963,0.7134456997697228,0.4878453284619463,0.47956951519466295,0.39981473742505214
1.1765562001351055,1.0466514798076965,0.9765778072087815,0.8496388459225257,0.8448158520322547,0.733473370129498
0.814936282009361,0.7083776004010037,0.6723383376479475,0.48146518071854005,0.4754996501008645,0.3783590009905976
1.1897682309102493,1.0577696605047715,0.9859530720084944,0.8897635567590879,0.8876566970176771,0.8434428778462196
1.3936339416547818,1.1613558836545517,1.1124374275533373,0.993041049609106,0.9900611052912519,0.9002485480218875
1.1219496388847903,1.004573934393386,0.9374186246234762,0.8078485447447329,0.8047088046786279,0.7272248210760914
1.2839912987825914,1.1484985732991395,1.0728359056027026,0.8879931985705001,0.8843178676739053,0.8034548238864477
0.9547489094962016,0.8347371690442607,0.7732810130700606,0.6459830687673249,0.6407507301102546,0.579952956439419
0.909503726800013,0.7905146702156731,0.7576286982717109,0.6484259975968842,0.6441208203009666,0.5963717139103404
0.8077284909856135,0.6904658719617858,0.662399595377136,0.5020803268248012,0.497206897323085,0.44452995147835483
1.0917170814742163,0.9690968249809329,0.9083019580732625,0.7254278542299202,0.7182119934033394,0.587660072958465
1.3271016979580543,1.206928399034325,1.169719718979035,1.0316715865566621,1.0290586599656333,0.9297241845870436
1.051089482929429,0.9332356525623581,0.8841897464546217,0.7217652133282374,0.7162164739265195,0.6208263357217553
1.2794327848697424,1.1594863945301306,1.0801865935820223,0.9748602049672519,0.9710894334724531,0.9038264842428496
1.2799365225721828,1.1750237705209947,1.1253286820798545,0.9883619039606746,0.9845360677137692,0.8974481746879858
1.662001279132856,1.514978152511386,1.4205332530795767,1.26130491311353,1.2581068772473118,1.1296852591316995
0.9261713471009891,0.8050726964443309,0.7761546206766552,0.5689214669988196,0.5599602628777947,0.5142948351030395
0.9920176234127629,0.8473846546633355,0.8049874873384316,0.6022769027184836,0.5954262244338718,0.532244926483791
1.7579586048553366,1.526027680794325,1.431710029723562,1.3393393945170937,1.344027744909884,1.3140245124288379
1.3768814245467775,1.2527290722815765,1.1541498077181025,1.0706852023397384,1.071357906547636,1.000460196186796
1.087069407466969,0.9646076712283758,0.8983381605164737,0.7726898946951567,0.7681992901418897,0.7219679521660158
1.0992235366176142,0.9855236866377735,0.9170865621013568,0.7871115567824197,0.7824771741175024,0.7324643037369172
0.8583393442678056,0.7338155519145277,0.6996302248342797,0.5680112854153554,0.562688187260195,0.5245096693171215
1.0258460952458144,0.9006418661532198,0.8149907601845343,0.7057172489845246,0.7006697858322254,0.7080533727391175
0.7950777446351835,0.6622261489139718,0.6249317554610349,0.5024972205742319,0.497722536494278,0.4537152019037274
0.7480786165682072,0.6783805418877765,0.6475820876307252,0.43890999728513236,0.4321827770014539,0.3738310790144901
0.9451832248754051,0.8253157618009411,0.7937181533880866,0.6447121224506519,0.6396290529963675,0.5939055496982373
1.1575373426375264,0.974442489137797,0.9470822293199926,0.7683800097429279,0.7620766965486839,0.6675077483008766
1.3553786228190774,1.2018241533673664,1.1403269444177582,1.009957415777504,1.0083046942314287,0.8729030227912028
1.1997301630048756,1.0692964707938697,1.0228499834208218,0.8806999140530068,0.8741730668894448,0.8017457569242233
0.9531818293708478,0.8014783247178234,0.7378653127147958,0.6197037123778659,0.6152542394852925,0.5897623478578103
1.0083122236355846,0.9184358721254144,0.8862862679414062,0.7108861365106159,0.7054662687340926,0.6113263595506747
0.8243974378951595,0.726643408385635,0.6993796907490007,0.5308963113839659,0.523704131308646,0.44960344217261017
0.6692167727500334,0.5350159333630327,0.5350246777296152,0.29658387733804736,0.28701036935015345,0.2237162681723588
1.1496419841448362,1.009150743157055,0.9376470697545717,0.7888240443679028,0.7839786083330262,0.7188442966445275
0.7789541963001073,0.6943028043460799,0.6627814574404682,0.5283442896626743,0.5222323042284673,0.4763372376463386
1.076384868651059,0.957094862949835,0.9464906490316022,0.7813355424709743,0.7729289244065914,0.678723316408187
0.7429144058963646,0.6198981999839155,0.5863732811819834,0.4251960826424833,0.4183500878454629,0.35777573240462235
0.8668804075840442,0.7628344099239542,0.7365355065930561,0.5727088387004972,0.5654576893483524,0.5146372930452453
1.5138371730361797,1.3779925463187674,1.2951537032944165,1.2275508609227874,1.229100081029717,1.155779977187642
1.2017160695012024,1.05241870444344,1.0017980125492354,0.8529271623615038,0.8485106874967349,0.7597649941364
0.8482085037321031,0.7633834393726401,0.7247953887338964,0.5588440237244224,0.5532615781245289,0.454356319024369
0.7544843251548454,0.6276816403086978,0.6104022550242134,0.412241228571967,0.4059858701149399,0.3371419879651212
0.9352477342765347,0.8195963666539793,0.7594271259279237,0.6967581240781959,0.6971442783735531,0.6280217948908042
1.1424004308292954,1.0161665018316652,1.0060119146795037,0.8805704312088217,0.8747281149324508,0.759657982430913
0.8934455719042049,0.7055513085185112,0.7475851535424125,0.5551653170603225,0.5512829403617737,0.46079745432120256
1.0120763779265705,0.8829523039763143,0.8434266571166381,0.678024180366258,0.6728553063733675,0.5934682770170215
0.8765178416552926,0.7216979829970471,0.6919719090565197,0.53643066747861,0.531061258944092,0.5262728040356301
0.9835061381585415,0.8545786589156877,0.8063207465320391,0.6501010334544167,0.6431373533246612,0.5963081920807739
0.977211642876083,0.8739438427414657,0.8423096715075442,0.7293834543140899,0.7228287450032802,0.6665400139075213
0.9308777344674087,0.8315353281231359,0.7861084359301487,0.6053927418346519,0.5989607504910384,0.506447776510666
0.9182950231156182,0.8058078290569448,0.808839978205903,0.6399148254604493,0.6322524990277801,0.5713128421776772
0.8374595965385307,0.7005447353875105,0.6695265281065628,0.5082291639869368,0.4998686334111302,0.4800631025602782
1.33139082302568,1.232135045184829,1.1598801843753623,1.013159071761411,1.010290824324363,0.9083198825972747
1.5061509006052074,1.353154167879011,1.2544669856468111,1.1715666106308418,1.1733841190978254,1.1082497286492226
1.226297694665321,1.1082168463280453,1.05689585404112,0.9103244042059088,0.9067314718403215,0.8011845340305698
0.9479784093054358,0.8395209034776672,0.7827245880776152,0.6439004601986393,0.6392861957503589,0.5810973026700109
0.8592841979954002,0.7725176003681689,0.7274280493479233,0.562650109326415,0.5560666916992041,0.503360867154571
0.8031424710271232,0.6701337644600736,0.625753969837936,0.5277183682558181,0.5245455293302208,0.5298812777810387
1.462189151168615,1.3001497223142664,1.266699550840222,1.063637592534318,1.055945639976285,0.9426049426475531
0.7874736617772027,0.6670766623610016,0.6431441292338926,0.49164848627672386,0.4871577299773894,0.47097688433086504
1.2150745399621397,1.1043188377904791,1.0205271392707278,0.9109615619403488,0.9106342960035427,0.8524042732479389
0.8386564380617478,0.764886876062361,0.7254491077890293,0.5311019222425792,0.5233821076518044,0.43951906273684327
1.1390069394109488,0.9685706443594827,0.9105912289722908,0.853027739154467,0.8510245056760144,0.8114511660112603
1.4737541829139515,1.3214626782054626,1.255475431692893,1.164939305583397,1.1629149849797618,1.0660114038422104
0.8877735399832463,0.793533317417859,0.7580028869583226,0.6190206228189764,0.6123929533366406,0.5400584735349199
1.2250381073168,1.1086514946994026,1.0509723345551927,0.9150920295304962,0.9105899759242211,0.7544892162836107
0.558625619060424,0.4173472268563613,0.3879417223849341,0.2381224785471775,0.23247462073005376,0.09359720353628909
1.0279108145743536,0.9327310174800203,0.8970771153575448,0.675144126982488,0.6697949983464135,0.5761933076568844
0.7907405847727451,0.665845887746642,0.6107996166597589,0.4699875251866812,0.4650892107154231,0.42482549427984917
0.9193021343700194,0.8202746843123503,0.7927106364173713,0.6548052854678065,0.6479534357503668,0.5488180228054919
1.047853295186101,0.9320276901493639,0.8834257592332109,0.6942790877581203,0.6868503273930536,0.5772159612250255
1.2241982975137349,1.0753276259680593,1.0006865395384639,0.930048700453624,0.9274562080103572,0.8511765494577374
0.7377918514384585,0.6221100368020547,0.5847376285851598,0.42062642710854414,0.41490195635954585,0.38231711696655435
1.029706498712786,0.9086410967470205,0.8685540136781953,0.6952167952295238,0.6891196057306808,0.6112857527017985
0.9335872616280814,0.7953735293322911,0.7470247050078686,0.6180359602539852,0.613826858449913,0.5594356476703627
0.9636881646731901,0.8326603600574712,0.7884820118264952,0.61175097806653,0.6048892652040853,0.5426633352154411
0.9200620591054098,0.8115525046826089,0.7648321368132242,0.6573281277613173,0.6529828903160225,0.6374593352334507
0.9578228698200175,0.8706604895618352,0.8333862593085326,0.6950157624993164,0.6894703085197937,0.6270171923092164
1.2884742100319582,1.1378029858396146,1.052270309534748,0.9202820026751622,0.916651065741485,0.7726513402882818
0.8185406490280527,0.6466928194743418,0.596557558330341,0.4605507737300135,0.4548993931395786,0.44097225290272524
0.9463662630684174,0.7760703718110591,0.7261885339343573,0.6434474278333493,0.6414867718682661,0.651827820235757
1.2111393987122037,1.0523414281165222,1.0007390791221336,0.8880158301229043,0.8850513037531459,0.8057452491792443
1.0155746591945563,0.8779667308039999,0.8495067639832367,0.69056087772086,0.6815745203552417,0.5901311864275235
1.08552960715827,0.9994333831236848,0.9488365143248156,0.7744478779680971,0.7702119985085026,0.6206576440046555
1.2531646704711545,1.1018218674493032,1.0258497076162691,0.8693240295181652,0.8634867392321876,0.7248875100368173
1.201853530403799,1.0410114016119791,1.0021637032545512,0.773109588467898,0.7653257769886591,0.6439303867310285
0.7924552084145579,0.6844242074089866,0.6470578220153175,0.4161696201494681,0.40710124311537976,0.3336622555778481
1.1143857208257932,1.010732045853476,0.9745077683119048,0.8146990774576637,0.8098114982812514,0.7031116743286726
1.2469808774553748,1.1082662391325222,1.024284494296554,1.003402548404705,1.005739523832634,1.0258851569479122
1.1405495764243245,0.9572868390971262,0.9291780011710837,0.8713263453597401,0.8689029008255897,0.8278791709914946
0.8768777650159106,0.764638325362081,0.705800493087593,0.5640349235288737,0.5597433675304769,0.5355290592502934
1.0484236742291784,0.9311135204677411,0.9061591332939194,0.7684467092732287,0.7618044063873021,0.6665955764283673
0.874241910504292,0.7229113385397857,0.696735825152219,0.4933290606716949,0.48694699174789124,0.41630307505862074
1.143193691170659,1.014606373260081,0.9353128589942081,0.8195144836998126,0.8156241229368607,0.7664205321931409
0.8641074550895534,0.7386918708500296,0.7060892191343418,0.5261052641503816,0.5188437012163036,0.4664137122969566
1.3567824551671803,1.195307427679816,1.1199326080938679,0.9579826835194432,0.9557113110146452,0.8590771910610189
1.0291390956538837,0.8762082223136234,0.8215030010191426,0.704285514932104,0.700171458584158,0.6670062552174907
0.8906233732947415,0.7903155769983794,0.7569259832158746,0.5880030485802096,0.5828843158836071,0.519295317349553
0.7657879358337321,0.618366154927197,0.5939303807454647,0.43810505715742787,0.43371585118917566,0.4360884172719798
0.9534574171415053,0.8388407167243456,0.7668355175174625,0.6448415442713296,0.6418776551012688,0.6178707965300804
1.2288323739213993,1.1209659641137015,1.0462818553148907,0.9222731998747482,0.9183121970454738,0.8196486646369748
0.974882733183456,0.8395315189095255,0.7468508983398163,0.6473961959217883,0.6451477646543301,0.6300617767034283
0.7748138861253053,0.641890118478616,0.6269790827246037,0.43847577260735615,0.4328095590209149,0.4139335797056106
0.5341657869652137,0.45202446645522465,0.4402652597506071,0.2246658386490562,0.2185750521121569,0.15720215085541922
0.6133356333195215,0.49502109060463134,0.47091033785226927,0.3043322975833589,0.29808175033055084,0.2602357406240591
0.9645451152916936,0.839928651402507,0.7975602569130911,0.627869308909991,0.6220821847810059,0.5796062476629301
1.3990296158862425,1.2499177748267467,1.1638423415063248,1.1309442794426627,1.1320114694818333,1.0697637710911745
1.1291122562411848,0.9962181883756462,0.9608767383833374,0.7576655997886234,0.7494187906008805,0.6474367079002675
0.7411795212778334,0.6093873867720054,0.5932225965744226,0.3665082456701825,0.3588707206191717,0.30174416932183734
1.049376450775783,0.9559914268663714,0.9049525447562885,0.7923518915606861,0.7893265473096331,0.6984373985023093
1.1989891820000644,1.022697421074612,0.9772624208754884,0.7657857663522272,0.7598059779304107,0.6828128328031596
1.020566798174585,0.9048676614544,0.8725404564046346,0.7306797903800102,0.7249588169628536,0.6857287623802741
0.9754690529044376,0.8381455078307016,0.8083758250681456,0.6307968876586509,0.6210402080648597,0.5153353532442764
1.0977971256670305,0.9693332946235498,0.9278636205183721,0.7956778681025546,0.7915780072990448,0.7434582519484274
0.7685642056640782,0.6857267151063863,0.6787717959992368,0.42562301639839384,0.4189030178587291,0.31478298328182475
0.8546616165150589,0.7457467133289803,0.7079207065758701,0.5105627749425794,0.50322896198468,0.4057425253326903
0.7266470291962379,0.6229952667158816,0.6037941258787326,0.4167278025172799,0.40885539518306113,0.3566629175775652
1.3746768844245434,1.215720394201883,1.1049172097543027,1.0566791135315947,1.0592113593805936,0.9957298730854008
0.8813583185577375,0.7947296732372044,0.7413465975532864,0.6398785556062789,0.6348014150880622,0.5330323373233213
0.6346634513272451,0.5279933496231672,0.5435265732824068,0.347660460510792,0.3395844371459775,0.29035596549183007
0.7547019228439142,0.6178226255087207,0.588787765171727,0.43254010179351954,0.4237497779101883,0.3832878269386506
0.8625904714890351,0.7320467820743515,0.6748854173655541,0.48569109325142945,0.4766647766270862,0.3484800130829949
0.6900426162291949,0.5390728709823093,0.547259760592983,0.392385880326206,0.38731517406099725,0.3803423447474552
0.6126588498732557,0.518727695907517,0.509669243360362,0.26936190003115135,0.25998394324204366,0.20797919598209313
1.0526511379536725,0.9205761306687477,0.8591397999643672,0.7644922550029469,0.7610641287242383,0.734659472540722
0.7752686955358972,0.6877093112566575,0.6574169737396729,0.38981486756310324,0.3791260764366641,0.27394641250242524
0.9635058499933417,0.8525877738176342,0.8209972778083185,0.6897103625820364,0.685002571097557,0.6201354086766966
1.2653620516680424,1.0772738407589015,1.0178224875081614,0.9469187803533313,0.9449421804085955,0.8815827787361965
0.7584984123558889,0.6403733490318643,0.5876389332073568,0.4618320495493574,0.45718251363316664,0.4563249397735799
0.8524855320094286,0.7550674762114318,0.7141034173162286,0.5257459473046989,0.5205426374249418,0.4330541886582058
0.8127312319058047,0.698959273368656,0.6652129712720236,0.4774930635599506,0.46976684827986537,0.40704585957849926
0.5033234217202351,0.388940449749429,0.37924496648047057,0.20108132786904276,0.19357251983887513,0.17143103723548125
0.9099121931028268,0.8035831479228721,0.7496343516630906,0.646441157220584,0.6451104290227875,0.6402767547073895
1.0192041394674114,0.9229234985098844,0.8742805423899253,0.6572946951864289,0.6499461481004922,0.5301435890985646
1.202777504816337,1.061781090583918,1.0100097779613362,0.8697078977526337,0.8654733277508576,0.791230668019588
1.3190348915944414,1.177268470302377,1.1280764515983561,0.9943579828584441,0.9939226541042855,0.9307687583436499
0.6875273182673574,0.5892127568228516,0.5755179332373138,0.3546961591048571,0.3469175872768101,0.2949868380123465
0.9052476695491096,0.808274322905836,0.7755827927402252,0.635258357306959,0.6300497636091323,0.5677392283552946
0.8685555423554727,0.7561814469241536,0.7088068463995094,0.5634699907904045,0.5578600996444538,0.4919066194538515
0.8813803896010814,0.7532114276268914,0.7326652479165545,0.5567905080836573,0.5488287322915848,0.45164738692321205
1.127411991732104,0.9942555156833012,0.9657293992017627,0.8642154856531878,0.8622938024046718,0.8007833257490488
0.8163559893610988,0.6869142931059062,0.6748882470170924,0.4532879487637488,0.44564998391264665,0.356821660744579
1.126208871274598,1.0175557082531868,0.9724042327186886,0.7998219361568008,0.7934003424557208,0.7297960579867652
1.1797242429776895,1.0805179316098221,1.0162601222012728,0.8552166083836796,0.8517394369056237,0.776661376404087
1.2546663730465093,1.1270423852304703,1.0383284180903987,0.918116570016711,0.9170956482092651,0.7870854896179089
1.1667889550125996,1.0157075817600218,0.9685154060438979,0.8156494073127772,0.8112885211937328,0.7105905674591992
1.15334684852876,1.0448415749679512,0.9925526518611123,0.8137041179793987,0.8085395080763768,0.7084994658088177
1.3182605610258968,1.154106527828048,1.0761999439690846,0.9334282022847341,0.9303188288061645,0.824663521198974
1.4056261711309328,1.2792476577224348,1.242810214249022,1.169013464704181,1.1667414820680797,1.092523260499837
0.7440871818330684,0.6353326720241103,0.6215246417489613,0.3897378232792298,0.3830246694274766,0.24593158290658645
0.7494576324395754,0.6096259119466718,0.5838562451800088,0.42869689127212496,0.42439105068991223,0.37743615051419743
1.033323276078352,0.9072012898440678,0.8569049850392242,0.7329231972300052,0.729375772811527,0.7277112023453678
0.9261371283900415,0.8060070031364547,0.764243787618097,0.6426575281312765,0.6386835138945014,0.6242879714543181
1.0426071421519818,0.9468066392196656,0.9072722801232973,0.7709716090572419,0.7665795729489611,0.6501393285372371
1.1780824719381586,1.0395250979710227,0.9968483140822478,0.8323981423189619,0.8266317907500583,0.7054697382179038
0.5105577794470468,0.4278661544878229,0.4186381591054697,0.2216479420768661,0.21341958718501053,0.1750915753455221
0.637070401353427,0.5204284370302177,0.5063730344398465,0.3629929067439541,0.3581551079310398,0.32663925659558335
0.6254015529396435,0.5337034850187453,0.5269862701719139,0.3418197322037304,0.33471476530209066,0.2751977189899174
0.7133612603625981,0.6052203403585413,0.5829104768975186,0.38058159395725843,0.3725785223093855,0.28519343491650784
0.5401012190460104,0.4179770160097007,0.4261407986269878,0.21830544562619314,0.2099078714660254,0.18322192985635677
1.0335282527337244,0.9238541119638274,0.8758992726659225,0.7448653981126767,0.7422451771191149,0.6726113429001002
0.9639264134431744,0.874682465547957,0.8365889350171369,0.6823382782239574,0.6779958708771168,0.610298501318825
1.0326910772765658,0.8637981556298596,0.8244717836836504,0.6433407939431746,0.638599541093204,0.5360068574394603
0.8481158957474266,0.7575856285421967,0.7279059674791117,0.5471904995157347,0.5403619968298832,0.44152413989832284
1.095949822805714,0.98319197441999,0.9318162287293876,0.7532542895169014,0.7472806234029545,0.6589344005869353
0.8505333239455836,0.7749901958377512,0.7386249756978529,0.559000179211365,0.553237917419982,0.45456315460556895
0.776646825674358,0.6144750329421576,0.605432963671962,0.46041594919681483,0.45399243038674153,0.45764591453902126
1.208387795368858,1.09854921020505,1.0387695090398195,0.9170888915028047,0.9119923854993917,0.849285247725319
1.2979473556036456,1.116562991380739,1.088383681944235,0.877575964191551,0.8715692071508838,0.6656463863755742
0.9187063658976751,0.8069552155943586,0.7782328362679036,0.6567740126672551,0.6521486935760904,0.6051670059382508
1.1010785637670057,0.9839939204945776,0.9466026591951526,0.7682372309752297,0.7622301946323183,0.7055505000765087
0.8097693405771611,0.7198720141486679,0.7125677833611621,0.50149791623539,0.4950780313433264,0.41537724911739404
0.9008682467175444,0.760921470588628,0.729657376980329,0.5655720916588317,0.5582341198518745,0.4970311498527755
1.1203331407274977,0.9855141934973463,0.9190622533640476,0.8027021350580396,0.8005405866827146,0.7566259980142971
0.9752271868320337,0.8658358991580144,0.8102234218441605,0.677639118169049,0.6737594693259596,0.6048373878147735
1.0184729419927374,0.8938278260462007,0.8438714628417405,0.7188399897522838,0.7151838268607248,0.6791298335087339
0.9688594513644272,0.8770358260010618,0.839419989895384,0.7099794415022774,0.7047131987539238,0.675172809379141
0.8384987251781724,0.7334028220592274,0.704548475716845,0.5616316084219406,0.5537805100565066,0.48578552886641035
1.2986903567548846,1.172961071152037,1.0704844147752777,0.9976390827473385,1.0008919929381848,0.9534944899365395
0.8835781465421437,0.78024866753024,0.7364233772781495,0.5642991728077342,0.5583381379243202,0.4917783707285944
1.1353295597560198,0.9488439795531171,0.9121893674874273,0.7741628899184986,0.7688784978572801,0.7503024079324853
0.8015759826378726,0.7149400303424155,0.6896824641252086,0.4618145807751525,0.4546332152880289,0.3774842338165765
0.6047203850067333,0.4974945072669121,0.46135579375048613,0.3037310438190579,0.29859615214853075,0.2814950289476794
1.0045878715204948,0.8807870921753418,0.8136364363883153,0.6912722872511401,0.6862547830954605,0.6136433875216573
0.7300049696934192,0.650338791158362,0.6106812990415171,0.48575947553484145,0.4816409383540413,0.45033725280846615
1.0530606865098266,0.9206349720731188,0.884437940987447,0.7410095907193084,0.736158258099438,0.7056076653230264
0.9378030234209794,0.8340022642405025,0.8282933811888414,0.5777703113692614,0.5688603306211388,0.4281190417387374
1.2545386286115114,1.1172654231823902,1.0676125534748993,0.9095956201336369,0.9069463916203188,0.8285044351202744
1.3636118572679472,1.161211847958723,1.0784499236466334,1.0313868663818222,1.0308905236748287,1.0051448680839568
0.738160616751288,0.6229664866132567,0.5998447861069929,0.35749121069899503,0.34966004009794915,0.3238502413822031
1.184485206605394,1.055182834201127,1.0117809245296445,0.924545593129135,0.9223230996835032,0.8884817357085484
0.7763746985937778,0.6458039517095071,0.6258107198682968,0.3939274057802272,0.38488428239193007,0.29409947178840945
0.6463593272761061,0.5521078439004907,0.5160986715859051,0.34850001781137785,0.34338794721476573,0.3226961955216977
0.8641267899997214,0.7563632315434,0.7161302515865171,0.5297229243702766,0.523981501725666,0.45907692981425885
0.8419144686904383,0.7409378506331125,0.7251067241396209,0.5598602571525887,0.5528122544758581,0.4926653700166521
0.9397553264556608,0.7894493663640179,0.7436480517576564,0.587136855170799,0.5825305738134787,0.4883200342377503
0.7717154925501177,0.639223008473945,0.6309963536506393,0.40593384575606994,0.39884912905856285,0.3197949347683643
1.161787135616631,1.0229367592141116,0.9737708696661762,0.8618298638791507,0.8569200671238769,0.7971113712734675
1.4581868596202165,1.2767740801054948,1.1965857226965788,1.1173092308875345,1.1177950712745575,1.0343412597518742
1.0232124437916894,0.9167214484906536,0.8687403210225777,0.6952043128154426,0.6893829589910411,0.6107489113649927
1.1292963889809775,0.9948743270028175,0.9442579211291512,0.7896400246219824,0.7824158050891861,0.7150539904579613
1.3746344992456325,1.1972984183353896,1.1248908089492229,1.0495293918659994,1.0501622424570436,1.0117783548423653
0.47822230384319714,0.37686073008701,0.36457087861040655,0.14750350878231455,0.13876649273530184,0.10391883388578227
0.4801455212097452,0.3636084717923454,0.3805198054660921,0.1130371703471943,0.10249369536006592,0.04520894939198705
0.7153841570872532,0.6150724591121803,0.5876574244631539,0.40409634424103447,0.3966373799836803,0.3309473456204517
1.0257466303656413,0.9104703872979818,0.8835004126428294,0.7212712846640016,0.7153649101940402,0.6202162698572766
0.7799511847377417,0.6958461951242048,0.6630269544842242,0.45500725838753586,0.4468109683767275,0.3882668507804322
0.7963286669201894,0.665417908058656,0.6277314517556427,0.4629664142121154,0.4583002988604171,0.41237790539289465
0.8837447199944769,0.7711549544066139,0.7366703776040542,0.5579446277547107,0.5519010514705937,0.49064658768712355
0.7262856024188188,0.6577403222437765,0.6179379341567598,0.4444157656268567,0.4391227992779536,0.368852866454781
1.0914338259221963,0.9480918193355845,0.9083331124204763,0.6875970026254195,0.6804390058571356,0.5990145630049009
1.3775990586465026,1.2484732513098415,1.1954704222972947,1.0296072845573354,1.0231860998533735,0.912361159841081
1.2289652734422427,1.0865027127380171,0.9964591189746905,0.8907873221100824,0.8879997837522404,0.8686353156022162
